STOCK_LEVEL_ID,STORE_ID,PRODUCT_ID,QUANTITY_ON_HAND,REORDER_POINT,REORDER_QUANTITY,LAST_COUNTED_DATE,IS_BELOW_REORDER
SL_75B26ED27AED,S_8906C8E63CEB,P_668DA327E4B9,188,20,80,2026-04-29,False
SL_B6EEF3534E5C,S_13CDF8EEF737,P_B4DFAA442293,9,35,105,2026-04-24,True
SL_782CC83FEA8F,S_8906C8E63CEB,P_6C4353462EC1,78,19,57,2026-05-16,False
SL_77CC89258984,S_CC822411B18D,P_50542FD44471,84,22,44,2026-04-14,False
SL_0782367AEB0C,S_BA029ABB7288,P_E34307749BB1,130,30,120,2026-05-16,False
SL_B756217DB000,S_13CDF8EEF737,P_7881ABF573AE,45,42,168,2026-05-15,False
SL_16786CA61ED2,S_13CDF8EEF737,P_17FA6AAB635F,111,27,108,2026-03-25,False
SL_A5479EF3695F,S_DC92A4557FA3,P_303F95608503,29,29,87,2026-04-17,False
SL_356C1A9B87D3,S_13CDF8EEF737,P_F399DD4B138B,111,5,15,2026-04-03,False
SL_1D682F762F5E,S_8906C8E63CEB,P_A7E3F9F5E7C4,170,26,104,2026-02-24,False
SL_7F916AE7D28B,S_13CDF8EEF737,P_05D5FDEDCEB9,76,37,148,2026-02-23,False
SL_C0B1FD1134B1,S_8906C8E63CEB,P_BF2D36EF46F9,103,49,196,2026-03-10,False
SL_8AFE5D6F9E93,S_CC822411B18D,P_4260EF234235,107,47,235,2026-02-22,False
SL_877B2FD3F6F0,S_CC822411B18D,P_7D086A269945,145,24,120,2026-03-10,False
SL_B419B7B2022B,S_13CDF8EEF737,P_0C4F8FB6739A,73,18,90,2026-03-06,False
SL_88A645DC2F26,S_DC92A4557FA3,P_E34307749BB1,82,34,170,2026-03-24,False
SL_89773BF66E96,S_CC822411B18D,P_303F95608503,121,15,30,2026-04-13,False
SL_9EBFF02472AD,S_DC92A4557FA3,P_668DA327E4B9,162,44,176,2026-05-08,False
SL_DDDADA160B8E,S_CC822411B18D,P_747DDDA081A8,79,19,57,2026-05-01,False
SL_801DEF98530B,S_13CDF8EEF737,P_A5A544A344D0,62,35,70,2026-03-22,False
SL_B4A3231545C6,S_8906C8E63CEB,P_2CD748AE79BC,147,17,85,2026-03-17,False
SL_FDEF2C394F2A,S_8906C8E63CEB,P_4EF656FC88BA,37,46,92,2026-05-06,True
SL_5AB63DC98485,S_8906C8E63CEB,P_FB2D12C2A319,45,49,245,2026-05-13,True
SL_C56331523BD6,S_DC92A4557FA3,P_4EF656FC88BA,31,34,102,2026-03-21,True
SL_27712F7EED47,S_DC92A4557FA3,P_0A79EED1DABC,152,25,125,2026-03-02,False
SL_342E7E71D80C,S_DC92A4557FA3,P_35F1F1322F2F,140,33,99,2026-03-20,False
SL_B6057E379BAF,S_8906C8E63CEB,P_7881ABF573AE,192,20,80,2026-03-14,False
SL_6966B581E7F2,S_8906C8E63CEB,P_2CD748AE79BC,61,22,110,2026-05-10,False
SL_D9BC497ACEEB,S_BA029ABB7288,P_4EF656FC88BA,69,26,104,2026-03-11,False
SL_1F30C64F9F82,S_13CDF8EEF737,P_A83EC48441FB,38,19,95,2026-02-20,False
SL_098F0CC9C59F,S_CC822411B18D,P_F399DD4B138B,54,9,45,2026-03-28,False
SL_263303FB81FC,S_BA029ABB7288,P_15D903BF4D90,119,31,62,2026-04-23,False
SL_D03F02182CAC,S_8906C8E63CEB,P_B4DFAA442293,197,42,84,2026-03-07,False
SL_421240B46875,S_8906C8E63CEB,P_3DF9DCDDC71B,1,27,108,2026-03-31,True
SL_666572B0DB0D,S_8906C8E63CEB,P_15D903BF4D90,191,39,117,2026-03-18,False
SL_763F3BA1B8F3,S_CC822411B18D,P_56AFDD4D513C,111,36,72,2026-03-31,False
SL_603CE21EEDBF,S_BA029ABB7288,P_668DA327E4B9,173,30,90,2026-03-21,False
SL_07A31CA57AF1,S_CC822411B18D,P_7D086A269945,136,6,30,2026-03-05,False
SL_D5847BA0E638,S_DC92A4557FA3,P_668DA327E4B9,6,10,50,2026-05-02,True
SL_4FC63AE5F2CA,S_8906C8E63CEB,P_91A9DC6AFBE0,12,21,105,2026-04-08,True
SL_96B112E09E34,S_CC822411B18D,P_50679010067C,83,26,130,2026-04-14,False
SL_9CA161EDAEEC,S_8906C8E63CEB,P_7881ABF573AE,20,35,70,2026-03-11,True
SL_78595661C039,S_13CDF8EEF737,P_6C4353462EC1,57,46,92,2026-02-25,False
SL_D6A35CDD4530,S_13CDF8EEF737,P_134A648369B5,7,20,60,2026-05-17,True
SL_71C359732BCA,S_DC92A4557FA3,P_4273A5F474A1,61,13,65,2026-02-23,False
SL_14C4438C145E,S_13CDF8EEF737,P_663236233C4B,55,34,136,2026-04-02,False
SL_D3EC70BDB635,S_CC822411B18D,P_17FA6AAB635F,155,50,100,2026-04-29,False
SL_231140764035,S_BA029ABB7288,P_20503FF72A21,148,6,24,2026-03-07,False
SL_8C4C601D6A23,S_8906C8E63CEB,P_50542FD44471,183,17,34,2026-03-05,False
SL_677AA4859B4C,S_CC822411B18D,P_20503FF72A21,178,24,48,2026-03-08,False
SL_B17B8C905780,S_13CDF8EEF737,P_6C4353462EC1,136,32,128,2026-05-11,False
SL_A7A922AEE617,S_DC92A4557FA3,P_E34307749BB1,87,5,25,2026-03-18,False
SL_FE05809F47AF,S_13CDF8EEF737,P_35F1F1322F2F,92,45,225,2026-02-18,False
SL_76500BACCDE9,S_CC822411B18D,P_35F1F1322F2F,45,38,152,2026-03-02,False
SL_932FF1F3646E,S_DC92A4557FA3,P_822A352706E0,123,34,170,2026-03-05,False
SL_FCF3C728FC6F,S_BA029ABB7288,P_BF2D36EF46F9,62,10,40,2026-03-23,False
SL_91226AA6C47C,S_CC822411B18D,P_134A648369B5,118,41,205,2026-04-06,False
SL_BB2E3817789D,S_13CDF8EEF737,P_326144CB626C,83,16,80,2026-04-22,False
SL_9EF6514E3B4A,S_BA029ABB7288,P_7881ABF573AE,87,22,88,2026-03-09,False
SL_57589ADD2FA1,S_13CDF8EEF737,P_A668BA51F0E6,48,10,30,2026-03-28,False
SL_03E849996762,S_8906C8E63CEB,P_0A79EED1DABC,194,20,100,2026-02-26,False
SL_4F125AC21A41,S_8906C8E63CEB,P_9DABD2D4C20D,4,10,40,2026-04-21,True
SL_05E095E13A31,S_8906C8E63CEB,P_5756D22C3302,62,24,96,2026-03-20,False
SL_9C318D16F08A,S_DC92A4557FA3,P_A668BA51F0E6,88,32,128,2026-04-04,False
SL_EBE0D287A5B8,S_8906C8E63CEB,P_56AFDD4D513C,78,21,63,2026-05-04,False
SL_217760B93D19,S_CC822411B18D,P_BF2D36EF46F9,30,39,117,2026-04-25,True
SL_CD1BAAC405C4,S_CC822411B18D,P_626C262AE98A,123,22,88,2026-05-07,False
SL_897CF35C6CBB,S_CC822411B18D,P_3B15720CBFC3,58,28,84,2026-04-11,False
SL_B95278469BCB,S_13CDF8EEF737,P_F399DD4B138B,136,13,52,2026-05-14,False
SL_CBEAFF3437FC,S_13CDF8EEF737,P_0A79EED1DABC,74,49,147,2026-02-27,False
SL_05F971E822AC,S_8906C8E63CEB,P_20503FF72A21,3,41,164,2026-03-20,True
SL_E418279D55AF,S_8906C8E63CEB,P_9DABD2D4C20D,87,16,32,2026-04-17,False
SL_3A333443F557,S_8906C8E63CEB,P_B994874FA6AF,16,30,150,2026-05-10,True
SL_0268CC8BAD4A,S_DC92A4557FA3,P_2CD748AE79BC,175,8,24,2026-04-30,False
SL_60D0D0AE402D,S_DC92A4557FA3,P_0C4F8FB6739A,21,20,40,2026-03-09,False
SL_D099EFD2272B,S_8906C8E63CEB,P_17FA6AAB635F,152,44,132,2026-03-14,False
SL_3579D844D857,S_8906C8E63CEB,P_9DABD2D4C20D,113,24,120,2026-04-10,False
SL_806FCFE0C34A,S_DC92A4557FA3,P_7D086A269945,15,44,88,2026-04-23,True
SL_E358FD1B9306,S_CC822411B18D,P_7881ABF573AE,169,10,30,2026-04-19,False
SL_22491CC0B1D0,S_CC822411B18D,P_0A79EED1DABC,19,15,30,2026-03-28,False
SL_C51F8BED2884,S_8906C8E63CEB,P_5756D22C3302,152,35,140,2026-05-15,False
SL_653DA948BC0F,S_CC822411B18D,P_3B15720CBFC3,180,23,115,2026-05-10,False
SL_3188754E8E05,S_CC822411B18D,P_7881ABF573AE,160,42,126,2026-03-26,False
SL_8FBA160C43EA,S_13CDF8EEF737,P_15D903BF4D90,57,46,138,2026-04-15,False
SL_04D62A9CFC32,S_CC822411B18D,P_A7E3F9F5E7C4,15,15,60,2026-03-04,False
SL_E7A9DF98987A,S_DC92A4557FA3,P_3B15720CBFC3,112,12,60,2026-02-20,False
SL_1FFBF0A2F876,S_BA029ABB7288,P_5756D22C3302,103,22,110,2026-03-24,False
SL_8EB9B2179AFB,S_13CDF8EEF737,P_17FA6AAB635F,10,32,128,2026-03-03,True
SL_A3B16A3F2432,S_BA029ABB7288,P_C961D1EB95F7,23,19,38,2026-02-22,False
SL_B8D7B3FCB2CB,S_BA029ABB7288,P_663236233C4B,10,16,80,2026-03-14,True
SL_AC16B9139E88,S_8906C8E63CEB,P_56AFDD4D513C,46,42,210,2026-02-27,False
SL_E39B17375321,S_8906C8E63CEB,P_CC1823CFE87D,120,27,135,2026-04-07,False
SL_CAD71179C419,S_BA029ABB7288,P_668DA327E4B9,26,15,60,2026-03-28,False
SL_EABC2354AB99,S_8906C8E63CEB,P_3B15720CBFC3,169,30,60,2026-03-22,False
SL_089FF4AD51CA,S_13CDF8EEF737,P_BF2D36EF46F9,64,25,50,2026-03-29,False
SL_F02A800A7450,S_DC92A4557FA3,P_2C946377FC46,168,39,195,2026-03-28,False
SL_2EAA5BA67140,S_13CDF8EEF737,P_4260EF234235,132,28,140,2026-02-28,False
SL_BA80C55BEBC8,S_8906C8E63CEB,P_134A648369B5,13,18,72,2026-03-10,True
SL_EDE6E37011DE,S_CC822411B18D,P_3B15720CBFC3,112,49,245,2026-05-04,False
SL_6637B18D940D,S_13CDF8EEF737,P_2CD748AE79BC,155,20,60,2026-04-10,False
SL_C78653F8C8D4,S_DC92A4557FA3,P_2C946377FC46,141,31,62,2026-04-21,False
SL_A8627DE32316,S_13CDF8EEF737,P_50679010067C,30,46,138,2026-03-17,True
SL_B9371359B842,S_BA029ABB7288,P_303F95608503,180,22,110,2026-03-19,False
SL_A74D279FBB13,S_8906C8E63CEB,P_4EF656FC88BA,116,40,120,2026-03-31,False
SL_4AEC3F28C5D0,S_CC822411B18D,P_17FA6AAB635F,130,13,26,2026-04-14,False
SL_B4ED11CA8CFC,S_8906C8E63CEB,P_8EE2C401F6D1,129,22,44,2026-04-13,False
SL_092F2E048CA3,S_BA029ABB7288,P_D9AB13729A48,148,47,235,2026-04-30,False
SL_62AEADAE380A,S_8906C8E63CEB,P_15D903BF4D90,123,27,108,2026-03-10,False
SL_A1D2EB5EA82B,S_DC92A4557FA3,P_B4DFAA442293,116,25,75,2026-02-19,False
SL_FC78306AA7F4,S_CC822411B18D,P_663236233C4B,98,19,95,2026-05-14,False
SL_614EA56BF6E5,S_BA029ABB7288,P_626C262AE98A,121,50,250,2026-03-31,False
SL_BCA529FB443C,S_CC822411B18D,P_326144CB626C,9,13,52,2026-05-07,True
SL_19BA75FCF918,S_8906C8E63CEB,P_20503FF72A21,134,34,68,2026-05-01,False
SL_33DAA820C3C9,S_8906C8E63CEB,P_E34307749BB1,39,9,45,2026-04-16,False
SL_5AA01DB858F3,S_BA029ABB7288,P_7D086A269945,177,30,60,2026-04-07,False
SL_716C435851AC,S_DC92A4557FA3,P_B4DFAA442293,81,45,225,2026-03-11,False
SL_A5F145283F6A,S_13CDF8EEF737,P_7D086A269945,17,20,80,2026-04-20,True
SL_1EF245FDB3EE,S_13CDF8EEF737,P_35F1F1322F2F,25,45,90,2026-03-24,True
SL_869A667E3C27,S_CC822411B18D,P_5756D22C3302,76,6,12,2026-04-08,False
SL_F0ABDD56145B,S_13CDF8EEF737,P_3B15720CBFC3,91,28,140,2026-05-01,False
SL_EA37CA3C25F3,S_CC822411B18D,P_A668BA51F0E6,105,41,123,2026-04-28,False
SL_B66CFEE572CF,S_CC822411B18D,P_CC1823CFE87D,156,29,87,2026-03-17,False
SL_F27B0FB887D3,S_DC92A4557FA3,P_4273A5F474A1,59,34,136,2026-03-22,False
SL_E94425C2061A,S_BA029ABB7288,P_668DA327E4B9,2,34,136,2026-02-22,True
SL_AD191AB8D180,S_DC92A4557FA3,P_DF27B2CA898B,18,33,132,2026-03-05,True
SL_0CA956D3B7EF,S_BA029ABB7288,P_2CD748AE79BC,108,49,196,2026-03-22,False
SL_3827826CF9C8,S_BA029ABB7288,P_4260EF234235,98,35,70,2026-04-19,False
SL_6B399C55441A,S_8906C8E63CEB,P_663236233C4B,91,41,164,2026-02-19,False
SL_21CF4289F9D3,S_BA029ABB7288,P_C961D1EB95F7,168,30,120,2026-05-18,False
SL_B9D844EB2ACB,S_DC92A4557FA3,P_747DDDA081A8,199,8,40,2026-04-13,False
SL_36360DB8471A,S_CC822411B18D,P_17FA6AAB635F,90,19,57,2026-03-01,False
SL_F0F8E9F7E974,S_BA029ABB7288,P_747DDDA081A8,193,47,141,2026-02-28,False
SL_E7EC2216E5DD,S_13CDF8EEF737,P_2CD748AE79BC,165,7,28,2026-03-24,False
SL_29D9A1A10D4B,S_13CDF8EEF737,P_D9AB13729A48,93,13,26,2026-04-12,False
SL_CF21F0CCE875,S_BA029ABB7288,P_626C262AE98A,106,16,48,2026-05-03,False
SL_A6812CFB89A1,S_DC92A4557FA3,P_BA4D1BE7FEA0,135,37,148,2026-04-28,False
SL_1905AFEE0DCC,S_BA029ABB7288,P_3DF9DCDDC71B,75,26,52,2026-03-21,False
SL_C834DBB0DE15,S_13CDF8EEF737,P_4273A5F474A1,193,19,95,2026-03-09,False
SL_F02569FF5FC6,S_BA029ABB7288,P_CC1823CFE87D,101,5,20,2026-03-12,False
SL_770B710BC376,S_13CDF8EEF737,P_50679010067C,94,48,192,2026-03-06,False
SL_8E689E8F2DEC,S_8906C8E63CEB,P_2CD748AE79BC,95,11,33,2026-03-20,False
SL_25B191CB517D,S_13CDF8EEF737,P_7D086A269945,143,25,75,2026-02-26,False
SL_DD993350587F,S_13CDF8EEF737,P_2CD748AE79BC,118,49,196,2026-02-25,False
SL_C94A9082B990,S_8906C8E63CEB,P_B994874FA6AF,35,7,14,2026-04-11,False
SL_EF41C924EAEF,S_8906C8E63CEB,P_B994874FA6AF,24,20,60,2026-03-31,False
SL_1AA76ADB16E0,S_8906C8E63CEB,P_BA4D1BE7FEA0,171,49,245,2026-03-05,False
SL_9BEBF158C2CA,S_CC822411B18D,P_465ADF81FBA2,167,11,55,2026-03-02,False
SL_9AD3394E8EED,S_8906C8E63CEB,P_56AFDD4D513C,8,49,196,2026-04-22,True
SL_7D7798C96DB6,S_8906C8E63CEB,P_9DABD2D4C20D,60,28,56,2026-02-21,False
SL_3759E6D985D5,S_BA029ABB7288,P_15D903BF4D90,165,27,54,2026-03-30,False
SL_5670A40ED46E,S_BA029ABB7288,P_4260EF234235,31,34,68,2026-02-24,True
SL_31C507F34C30,S_CC822411B18D,P_E34307749BB1,163,43,86,2026-05-13,False
SL_C555F28505A4,S_BA029ABB7288,P_4EF656FC88BA,32,41,123,2026-05-11,True
SL_F0D518EE0A5B,S_DC92A4557FA3,P_BFF4A828C6CB,150,18,54,2026-04-07,False
SL_6C4D235870EE,S_CC822411B18D,P_17FA6AAB635F,0,22,66,2026-05-03,True
SL_DE9C998C3AB9,S_DC92A4557FA3,P_7881ABF573AE,44,12,24,2026-05-03,False
SL_C88C8D681E93,S_13CDF8EEF737,P_6C4353462EC1,60,42,168,2026-05-17,False
SL_5B9B328EC7B6,S_CC822411B18D,P_7881ABF573AE,13,13,65,2026-03-13,False
SL_12EA9B82AC31,S_13CDF8EEF737,P_626C262AE98A,16,35,175,2026-04-03,True
SL_AD686B3F0C62,S_DC92A4557FA3,P_D9AB13729A48,27,33,99,2026-03-02,True
SL_FFAF0EEF041C,S_13CDF8EEF737,P_05D5FDEDCEB9,200,47,188,2026-03-22,False
SL_5575AB0E502C,S_13CDF8EEF737,P_C00BC37203EB,122,30,150,2026-02-21,False
SL_F4047F85FD03,S_13CDF8EEF737,P_326144CB626C,182,33,66,2026-05-09,False
SL_4449A5356214,S_BA029ABB7288,P_17FA6AAB635F,37,9,27,2026-04-14,False
SL_60EFF3568162,S_DC92A4557FA3,P_2CD748AE79BC,149,40,160,2026-04-01,False
SL_A69BDF7A470F,S_DC92A4557FA3,P_A668BA51F0E6,75,34,170,2026-05-07,False
SL_4AAC40C29797,S_13CDF8EEF737,P_E34307749BB1,166,40,120,2026-03-25,False
SL_7A7277A989BB,S_8906C8E63CEB,P_FB2D12C2A319,105,26,130,2026-03-29,False
SL_6FE3954E3B0A,S_8906C8E63CEB,P_05D5FDEDCEB9,24,25,125,2026-04-09,True
SL_F2BD9F78BDC9,S_BA029ABB7288,P_BA4D1BE7FEA0,39,48,240,2026-05-11,True
SL_CC21870FC85F,S_13CDF8EEF737,P_CC1823CFE87D,23,32,64,2026-04-02,True
SL_6EA22E23843A,S_CC822411B18D,P_0A79EED1DABC,15,42,168,2026-02-23,True
SL_923EB42FE88B,S_13CDF8EEF737,P_465ADF81FBA2,90,47,235,2026-05-13,False
SL_19E5AB165407,S_BA029ABB7288,P_17FA6AAB635F,79,27,54,2026-03-07,False
SL_855A0CE1FC27,S_DC92A4557FA3,P_BFF4A828C6CB,39,47,235,2026-04-21,True
SL_53C4A42EE273,S_13CDF8EEF737,P_6C4353462EC1,142,28,56,2026-04-14,False
SL_7D6814DF3697,S_DC92A4557FA3,P_FB2D12C2A319,109,40,80,2026-03-03,False
SL_1878BEEE2768,S_BA029ABB7288,P_C961D1EB95F7,46,22,88,2026-04-06,False
SL_0060AACCEF28,S_BA029ABB7288,P_2C946377FC46,46,14,70,2026-05-11,False
SL_CF68DD8FF2E1,S_CC822411B18D,P_626C262AE98A,162,6,12,2026-03-13,False
SL_5DA094722055,S_CC822411B18D,P_B4DFAA442293,107,34,136,2026-04-29,False
SL_8C740A5E3C55,S_BA029ABB7288,P_0C4F8FB6739A,184,25,50,2026-05-13,False
SL_AB87A86CC0A8,S_CC822411B18D,P_DF27B2CA898B,193,44,88,2026-02-22,False
SL_84B988258EFF,S_13CDF8EEF737,P_56AFDD4D513C,113,47,235,2026-03-18,False
SL_1F275525D057,S_DC92A4557FA3,P_9DABD2D4C20D,106,22,66,2026-03-15,False
SL_4CE2F5BB8584,S_13CDF8EEF737,P_6C4353462EC1,110,12,48,2026-02-22,False
SL_621AEB3214A0,S_DC92A4557FA3,P_326144CB626C,134,47,188,2026-05-14,False
SL_C0433A10CA6D,S_CC822411B18D,P_50542FD44471,153,8,16,2026-04-23,False
SL_4757C2ACBBB8,S_BA029ABB7288,P_BFF4A828C6CB,196,13,52,2026-04-12,False
SL_0B0F7B27B6E0,S_BA029ABB7288,P_B994874FA6AF,1,36,180,2026-04-27,True
SL_4FA7837C6F37,S_CC822411B18D,P_B4DFAA442293,136,50,150,2026-03-16,False
SL_E3AF2C77A9BF,S_DC92A4557FA3,P_668DA327E4B9,90,9,45,2026-05-14,False
SL_851FC6D9512D,S_8906C8E63CEB,P_C961D1EB95F7,117,9,36,2026-03-07,False
SL_133CDFC7EC20,S_8906C8E63CEB,P_663236233C4B,103,50,250,2026-04-12,False
SL_7BBAC33CD9AF,S_13CDF8EEF737,P_50542FD44471,5,25,75,2026-03-01,True
SL_3E8D876ABD4F,S_8906C8E63CEB,P_5756D22C3302,92,10,50,2026-05-06,False
SL_EDDFF9E5F393,S_CC822411B18D,P_35F1F1322F2F,150,30,60,2026-03-30,False
SL_21D9D40D28AA,S_BA029ABB7288,P_626C262AE98A,86,19,76,2026-04-28,False
SL_05FE5EF47814,S_13CDF8EEF737,P_303F95608503,162,12,36,2026-04-05,False
SL_D615F2F1579E,S_BA029ABB7288,P_05D5FDEDCEB9,165,14,42,2026-05-06,False
SL_B1B844917EA2,S_CC822411B18D,P_7881ABF573AE,50,16,48,2026-02-25,False
SL_181D3A825457,S_13CDF8EEF737,P_91A9DC6AFBE0,197,45,225,2026-03-21,False
SL_3791FB3CBEE4,S_DC92A4557FA3,P_134A648369B5,148,33,132,2026-02-28,False
SL_62441906551F,S_BA029ABB7288,P_4273A5F474A1,112,9,45,2026-03-24,False
SL_8FFD70445DE1,S_BA029ABB7288,P_56AFDD4D513C,151,8,32,2026-03-16,False
SL_C503800AA7D3,S_13CDF8EEF737,P_0C4F8FB6739A,118,33,66,2026-05-12,False
SL_F5FD4C828B8C,S_BA029ABB7288,P_3B15720CBFC3,19,46,92,2026-03-02,True
SL_34D9A4894B84,S_DC92A4557FA3,P_303F95608503,98,34,68,2026-03-23,False
SL_CC45817358A1,S_DC92A4557FA3,P_E34307749BB1,48,25,125,2026-03-16,False
SL_571B7B7E4948,S_CC822411B18D,P_C00BC37203EB,115,11,44,2026-05-09,False
SL_03F3985BF6C2,S_DC92A4557FA3,P_E34307749BB1,44,7,21,2026-02-18,False
SL_86066C61B5E8,S_8906C8E63CEB,P_9DABD2D4C20D,134,38,114,2026-04-03,False
SL_A4E2B725CF06,S_BA029ABB7288,P_3B15720CBFC3,99,31,124,2026-02-22,False
SL_222164990002,S_DC92A4557FA3,P_C00BC37203EB,161,46,184,2026-05-11,False
SL_A29590B40689,S_BA029ABB7288,P_20503FF72A21,142,48,240,2026-04-13,False
SL_6292D57201BC,S_BA029ABB7288,P_05D5FDEDCEB9,168,43,129,2026-04-07,False
SL_2345F677C37D,S_13CDF8EEF737,P_D9AB13729A48,169,14,56,2026-04-10,False
SL_D38F90A6930D,S_8906C8E63CEB,P_A83EC48441FB,152,50,100,2026-04-10,False
SL_DF313F9A3C5D,S_DC92A4557FA3,P_B4DFAA442293,164,26,78,2026-02-23,False
SL_9E2F6F5D1AED,S_DC92A4557FA3,P_CC1823CFE87D,165,47,235,2026-03-15,False
SL_37943C1E7C10,S_BA029ABB7288,P_C961D1EB95F7,92,24,72,2026-04-22,False
SL_6688D1E14E2A,S_BA029ABB7288,P_822A352706E0,124,17,51,2026-05-02,False
SL_0C0E1F4D8D3D,S_CC822411B18D,P_A7E3F9F5E7C4,75,11,22,2026-02-24,False
SL_EDF023AE5A3F,S_BA029ABB7288,P_822A352706E0,158,13,65,2026-04-30,False
SL_50C5C03EBF9A,S_CC822411B18D,P_91A9DC6AFBE0,177,44,132,2026-03-24,False
SL_15E480E8AF94,S_13CDF8EEF737,P_465ADF81FBA2,93,48,144,2026-03-24,False
SL_0F0036FA08BF,S_DC92A4557FA3,P_3B15720CBFC3,192,33,99,2026-03-12,False
SL_2C4F14B677C7,S_CC822411B18D,P_0C4F8FB6739A,200,35,105,2026-04-02,False
SL_1561DD598353,S_DC92A4557FA3,P_9DABD2D4C20D,118,23,115,2026-03-16,False
SL_13F71C8ADD11,S_DC92A4557FA3,P_465ADF81FBA2,41,17,51,2026-04-17,False
SL_3E0F0184A788,S_13CDF8EEF737,P_E34307749BB1,123,28,56,2026-03-14,False
SL_A7F7B64A49A7,S_13CDF8EEF737,P_3B15720CBFC3,21,15,60,2026-03-23,False
SL_F1310C91FE08,S_DC92A4557FA3,P_4273A5F474A1,111,10,30,2026-03-23,False
SL_54724FDB48AA,S_BA029ABB7288,P_C961D1EB95F7,106,8,40,2026-03-16,False
SL_6D79DDA038ED,S_BA029ABB7288,P_4EF656FC88BA,98,10,40,2026-04-21,False
SL_1FB5016F4D5A,S_13CDF8EEF737,P_BF2D36EF46F9,25,50,200,2026-05-01,True
SL_A3DC18A1EA14,S_CC822411B18D,P_A5A544A344D0,73,35,105,2026-02-18,False
SL_DF78C5DDE024,S_8906C8E63CEB,P_9DABD2D4C20D,157,5,10,2026-05-17,False
SL_C1F28A082F43,S_BA029ABB7288,P_BFF4A828C6CB,38,40,200,2026-05-05,True
SL_A507E296EF33,S_BA029ABB7288,P_4EF656FC88BA,77,12,24,2026-04-19,False
SL_9CFD0A18701E,S_8906C8E63CEB,P_2CD748AE79BC,159,34,68,2026-05-05,False
SL_A50553E2EE7F,S_8906C8E63CEB,P_17FA6AAB635F,137,6,18,2026-05-01,False
SL_9D41946A62BC,S_BA029ABB7288,P_35F1F1322F2F,0,44,176,2026-04-19,True
SL_5FC4B33152FC,S_DC92A4557FA3,P_465ADF81FBA2,47,47,94,2026-03-13,False
SL_BB1293F5B9A0,S_BA029ABB7288,P_A7E3F9F5E7C4,134,39,78,2026-03-31,False
SL_2910A5903D84,S_8906C8E63CEB,P_A5A544A344D0,162,29,116,2026-04-17,False
SL_E8264FECE26D,S_13CDF8EEF737,P_6C4353462EC1,17,27,81,2026-02-24,True
SL_4B30A649A14D,S_13CDF8EEF737,P_822A352706E0,148,26,78,2026-05-14,False
SL_A155DA8E311A,S_BA029ABB7288,P_15D903BF4D90,86,46,138,2026-02-21,False
SL_36EBF3571056,S_8906C8E63CEB,P_5756D22C3302,122,45,135,2026-05-02,False
SL_FC1F7BD9A5CE,S_13CDF8EEF737,P_F399DD4B138B,198,34,68,2026-04-12,False
SL_BD73F932C09B,S_CC822411B18D,P_A5A544A344D0,51,7,28,2026-04-10,False
SL_9F59319B7EE6,S_DC92A4557FA3,P_50542FD44471,139,35,140,2026-05-15,False
SL_D9211498CEF9,S_CC822411B18D,P_3B15720CBFC3,91,8,32,2026-04-15,False
SL_C62B25A34DA2,S_13CDF8EEF737,P_BA4D1BE7FEA0,111,30,150,2026-03-31,False
SL_E4536E2FA42C,S_BA029ABB7288,P_91A9DC6AFBE0,127,49,245,2026-04-02,False
SL_049E52CAA820,S_DC92A4557FA3,P_56AFDD4D513C,21,32,64,2026-03-25,True
SL_1AEF0079BA8E,S_DC92A4557FA3,P_91A9DC6AFBE0,139,23,92,2026-05-06,False
SL_7AE0E2EA7FE8,S_13CDF8EEF737,P_BF2D36EF46F9,169,23,92,2026-03-23,False
SL_E4786264029E,S_DC92A4557FA3,P_F399DD4B138B,109,15,75,2026-04-05,False
SL_DAE73F055296,S_8906C8E63CEB,P_A5A544A344D0,186,27,135,2026-04-14,False
SL_3137AEC9CDD0,S_13CDF8EEF737,P_A7E3F9F5E7C4,171,45,225,2026-04-03,False
SL_7D666AA2144E,S_DC92A4557FA3,P_626C262AE98A,173,15,30,2026-05-01,False
SL_42084348D5D8,S_DC92A4557FA3,P_747DDDA081A8,200,33,66,2026-05-03,False
SL_8DDD1C6CE582,S_13CDF8EEF737,P_4EF656FC88BA,199,46,184,2026-04-03,False
SL_AB51B38D86E8,S_8906C8E63CEB,P_663236233C4B,8,43,129,2026-02-22,True
SL_E3C4CB3908A2,S_8906C8E63CEB,P_BA4D1BE7FEA0,95,33,66,2026-03-07,False
SL_BB183F81D6FD,S_CC822411B18D,P_A668BA51F0E6,93,30,120,2026-02-25,False
SL_7955CBA52E91,S_BA029ABB7288,P_4EF656FC88BA,29,6,18,2026-03-17,False
SL_0F9DC80A5757,S_DC92A4557FA3,P_B4DFAA442293,143,12,48,2026-04-16,False
SL_AEEEBA5C198E,S_8906C8E63CEB,P_BFF4A828C6CB,156,23,115,2026-04-24,False
SL_9F0F59641541,S_13CDF8EEF737,P_A83EC48441FB,18,33,99,2026-03-24,True
SL_28B1AACE046F,S_13CDF8EEF737,P_747DDDA081A8,81,47,188,2026-02-18,False
SL_F3B2BB31068A,S_13CDF8EEF737,P_0A79EED1DABC,138,23,92,2026-04-29,False
SL_CA9E88A79DCE,S_CC822411B18D,P_BA4D1BE7FEA0,130,19,38,2026-04-24,False
SL_938CC061E15B,S_CC822411B18D,P_4EF656FC88BA,126,6,24,2026-03-10,False
SL_337631913824,S_DC92A4557FA3,P_BA4D1BE7FEA0,119,40,120,2026-03-02,False
SL_065EE5848678,S_13CDF8EEF737,P_A7E3F9F5E7C4,79,30,150,2026-03-13,False
SL_7BB0DB2E8F92,S_8906C8E63CEB,P_822A352706E0,104,41,82,2026-05-03,False
SL_BCA685D6083D,S_BA029ABB7288,P_E34307749BB1,18,33,165,2026-02-21,True
SL_EBD16C8DCBEF,S_DC92A4557FA3,P_6C4353462EC1,32,40,120,2026-05-03,True
SL_535039EA6C90,S_8906C8E63CEB,P_303F95608503,14,12,36,2026-04-11,False
SL_7249DFF12202,S_CC822411B18D,P_DF27B2CA898B,82,50,150,2026-04-05,False
SL_4A0C2A6A6DB3,S_DC92A4557FA3,P_3B15720CBFC3,20,21,63,2026-02-27,True
SL_7062E537DC80,S_DC92A4557FA3,P_56AFDD4D513C,32,45,180,2026-03-02,True
SL_5C59A0C1CE5D,S_DC92A4557FA3,P_CC1823CFE87D,128,46,138,2026-03-05,False
SL_B6013E4F4869,S_DC92A4557FA3,P_4273A5F474A1,43,47,188,2026-03-08,True
SL_CAFCA4654D1A,S_13CDF8EEF737,P_C961D1EB95F7,20,7,28,2026-02-25,False
SL_D7B44EF19B78,S_CC822411B18D,P_822A352706E0,146,31,62,2026-03-17,False
SL_AD0229D7C8B9,S_DC92A4557FA3,P_3B15720CBFC3,164,24,120,2026-04-18,False
SL_1B9837871214,S_8906C8E63CEB,P_0C4F8FB6739A,116,9,18,2026-04-29,False
SL_9BE08EBDEEF4,S_8906C8E63CEB,P_465ADF81FBA2,123,34,102,2026-04-06,False
SL_04DB6DB7CEB0,S_DC92A4557FA3,P_4273A5F474A1,80,50,200,2026-04-05,False
SL_1F183B226801,S_8906C8E63CEB,P_A83EC48441FB,194,28,56,2026-04-09,False
SL_A2BD3BE1DDAD,S_CC822411B18D,P_50679010067C,31,22,110,2026-04-18,False
SL_6C50E92EC31F,S_CC822411B18D,P_20503FF72A21,12,23,115,2026-03-02,True
SL_96C2441776DD,S_8906C8E63CEB,P_4EF656FC88BA,40,25,100,2026-04-25,False
SL_A7CC5F72A0AF,S_CC822411B18D,P_326144CB626C,131,34,170,2026-04-10,False
SL_630E587D95C6,S_8906C8E63CEB,P_C961D1EB95F7,23,30,150,2026-04-19,True
SL_603B15558296,S_CC822411B18D,P_D9AB13729A48,90,8,16,2026-04-13,False
SL_8E2693FC36B1,S_8906C8E63CEB,P_17FA6AAB635F,167,48,240,2026-04-13,False
SL_7ECD8F064F22,S_DC92A4557FA3,P_2C946377FC46,27,32,96,2026-04-16,True
SL_C302B46FF5BB,S_BA029ABB7288,P_134A648369B5,103,28,56,2026-03-29,False
SL_B5125E10979C,S_13CDF8EEF737,P_663236233C4B,143,17,68,2026-03-10,False
SL_8EE37AABD621,S_BA029ABB7288,P_A7E3F9F5E7C4,98,37,185,2026-03-10,False
SL_37A801054C9B,S_BA029ABB7288,P_7D086A269945,174,44,88,2026-05-03,False
SL_8819C04D5A07,S_13CDF8EEF737,P_50542FD44471,95,26,104,2026-05-01,False
SL_38CDC4F071CE,S_CC822411B18D,P_17FA6AAB635F,130,30,60,2026-05-14,False
SL_C13B51E105BD,S_13CDF8EEF737,P_A83EC48441FB,182,26,130,2026-03-14,False
SL_99393F384CA8,S_8906C8E63CEB,P_4273A5F474A1,155,37,111,2026-04-08,False
SL_D32941157734,S_DC92A4557FA3,P_BF2D36EF46F9,41,30,120,2026-03-05,False
SL_EE4AD1CA8021,S_BA029ABB7288,P_303F95608503,130,39,195,2026-02-18,False
SL_6A27CDEF57C7,S_DC92A4557FA3,P_0C4F8FB6739A,121,6,24,2026-04-07,False
SL_3666F845A464,S_13CDF8EEF737,P_465ADF81FBA2,149,24,48,2026-03-04,False
SL_75DCF7FC11F3,S_8906C8E63CEB,P_7881ABF573AE,167,42,126,2026-05-13,False
SL_7C28D2473AE8,S_DC92A4557FA3,P_3DF9DCDDC71B,43,38,190,2026-05-01,False
SL_30408FCE7EBC,S_CC822411B18D,P_A5A544A344D0,146,49,98,2026-04-25,False
SL_5AC8994144D2,S_13CDF8EEF737,P_9DABD2D4C20D,80,31,93,2026-03-28,False
SL_49B9F5089A57,S_CC822411B18D,P_465ADF81FBA2,128,44,220,2026-05-12,False
SL_6502A5305855,S_CC822411B18D,P_A668BA51F0E6,53,40,160,2026-02-24,False
SL_236983F91A6A,S_8906C8E63CEB,P_A668BA51F0E6,96,25,75,2026-03-22,False
SL_ABA1C1671554,S_DC92A4557FA3,P_8EE2C401F6D1,139,27,108,2026-03-02,False
SL_5EFC824C3DD9,S_8906C8E63CEB,P_4260EF234235,63,22,88,2026-04-21,False
SL_7BB3CCAF659C,S_BA029ABB7288,P_822A352706E0,73,50,150,2026-02-20,False
SL_7BA655DA325A,S_8906C8E63CEB,P_BF2D36EF46F9,122,27,108,2026-04-13,False
SL_AC184ACC12DB,S_13CDF8EEF737,P_663236233C4B,173,39,195,2026-03-30,False
SL_0DBD5339A43B,S_BA029ABB7288,P_822A352706E0,37,23,46,2026-04-13,False
SL_1C75615DB986,S_13CDF8EEF737,P_6C4353462EC1,113,46,184,2026-03-19,False
SL_35188399E50F,S_CC822411B18D,P_4260EF234235,137,22,88,2026-05-02,False
SL_BA10EC295214,S_13CDF8EEF737,P_7D086A269945,189,42,126,2026-04-18,False
SL_2F5C051ADFB8,S_13CDF8EEF737,P_668DA327E4B9,135,19,57,2026-05-13,False
SL_23FA93D7FEB1,S_13CDF8EEF737,P_465ADF81FBA2,84,50,250,2026-05-07,False
SL_4A227C81941E,S_CC822411B18D,P_2C946377FC46,140,15,75,2026-02-25,False
SL_31D0C8A3C38F,S_8906C8E63CEB,P_3DF9DCDDC71B,166,17,68,2026-04-08,False
SL_99D7320BD492,S_BA029ABB7288,P_E34307749BB1,15,10,30,2026-03-12,False
SL_EB7A9B44D22F,S_13CDF8EEF737,P_91A9DC6AFBE0,106,16,32,2026-03-30,False
SL_1529419E5107,S_8906C8E63CEB,P_91A9DC6AFBE0,191,23,46,2026-05-18,False
SL_A2065A27E7A5,S_BA029ABB7288,P_663236233C4B,154,11,44,2026-04-13,False
SL_D7E37130C427,S_8906C8E63CEB,P_E34307749BB1,139,38,190,2026-05-02,False
SL_C0C602EE54BB,S_DC92A4557FA3,P_50679010067C,69,17,34,2026-04-07,False
SL_07583C8BF68C,S_CC822411B18D,P_05D5FDEDCEB9,117,46,184,2026-04-26,False
SL_CA64D76D80DA,S_13CDF8EEF737,P_626C262AE98A,86,23,69,2026-04-27,False
SL_D0C4AE6A1CE5,S_DC92A4557FA3,P_2CD748AE79BC,103,32,128,2026-05-08,False
SL_BC6E5650BD4C,S_8906C8E63CEB,P_668DA327E4B9,24,16,48,2026-03-19,False
SL_726C38D0019A,S_BA029ABB7288,P_4EF656FC88BA,1,21,105,2026-04-19,True
SL_BBB9DA784713,S_8906C8E63CEB,P_134A648369B5,68,26,104,2026-03-06,False
SL_6752E0BC5922,S_DC92A4557FA3,P_2C946377FC46,66,46,184,2026-02-20,False
SL_39BC72BCF3E5,S_CC822411B18D,P_C00BC37203EB,170,12,60,2026-04-10,False
SL_9EC00CA2A362,S_CC822411B18D,P_50542FD44471,175,37,148,2026-02-20,False
SL_AB6015F0F8AD,S_13CDF8EEF737,P_2CD748AE79BC,75,28,84,2026-04-21,False
SL_3F48E67F52B8,S_CC822411B18D,P_3DF9DCDDC71B,39,34,136,2026-03-27,False
SL_778A19AA8837,S_DC92A4557FA3,P_3DF9DCDDC71B,193,39,117,2026-04-18,False
SL_D58E2EFA71DA,S_DC92A4557FA3,P_CC1823CFE87D,134,33,132,2026-05-10,False
SL_1DF9799127DD,S_DC92A4557FA3,P_B994874FA6AF,15,40,120,2026-03-07,True
SL_72C1450278FC,S_DC92A4557FA3,P_4273A5F474A1,42,25,125,2026-05-05,False
SL_B88D732DAFD8,S_CC822411B18D,P_F399DD4B138B,149,36,72,2026-03-15,False
SL_E89229554DDC,S_8906C8E63CEB,P_C00BC37203EB,116,13,65,2026-03-22,False
SL_D1523B6EB1FA,S_DC92A4557FA3,P_C00BC37203EB,143,34,136,2026-05-17,False
SL_6546AB577A2A,S_8906C8E63CEB,P_7881ABF573AE,0,18,36,2026-05-14,True
SL_F6B8AA648E36,S_8906C8E63CEB,P_6C4353462EC1,179,9,18,2026-05-11,False
SL_4BA1532CF22C,S_8906C8E63CEB,P_A5A544A344D0,73,31,93,2026-05-02,False
SL_C6D41BD48AE9,S_8906C8E63CEB,P_BA4D1BE7FEA0,97,33,165,2026-04-01,False
SL_DF879EAE88F4,S_13CDF8EEF737,P_747DDDA081A8,169,39,117,2026-02-25,False
SL_B2EB5E2981CB,S_BA029ABB7288,P_B994874FA6AF,45,39,195,2026-03-13,False
SL_7CCE561F7C48,S_CC822411B18D,P_05D5FDEDCEB9,57,5,10,2026-04-11,False
SL_12D142084D62,S_8906C8E63CEB,P_747DDDA081A8,184,39,195,2026-03-12,False
SL_305627235976,S_8906C8E63CEB,P_FB2D12C2A319,63,34,136,2026-04-30,False
SL_624B080045D4,S_BA029ABB7288,P_4260EF234235,185,12,24,2026-02-24,False
SL_FC8F9B8D9D8C,S_8906C8E63CEB,P_7D086A269945,196,6,18,2026-04-23,False
SL_C6A51651FF2A,S_13CDF8EEF737,P_20503FF72A21,152,7,35,2026-03-04,False
SL_D154184F5BB6,S_13CDF8EEF737,P_4EF656FC88BA,189,7,35,2026-03-24,False
SL_5CD0431B55B3,S_CC822411B18D,P_15D903BF4D90,55,8,24,2026-03-16,False
SL_9CAC018CF85D,S_BA029ABB7288,P_FB2D12C2A319,187,41,164,2026-03-07,False
SL_93201021A4BA,S_DC92A4557FA3,P_822A352706E0,172,25,75,2026-04-11,False
SL_CB02DEBBD737,S_CC822411B18D,P_668DA327E4B9,133,19,95,2026-04-11,False
SL_E0A38B5365D1,S_BA029ABB7288,P_C00BC37203EB,142,42,126,2026-02-28,False
SL_2601985957E4,S_8906C8E63CEB,P_0A79EED1DABC,126,8,32,2026-02-26,False
SL_ADF0DCC4274C,S_8906C8E63CEB,P_A668BA51F0E6,81,49,245,2026-03-28,False
SL_06F7B8ED8574,S_CC822411B18D,P_0C4F8FB6739A,96,16,80,2026-04-19,False
SL_3A2AA20BD076,S_CC822411B18D,P_0C4F8FB6739A,181,14,70,2026-05-12,False
SL_B8DBB7A84431,S_DC92A4557FA3,P_465ADF81FBA2,106,40,120,2026-03-31,False
SL_8885B0F5FCFA,S_CC822411B18D,P_7881ABF573AE,52,26,52,2026-03-23,False
SL_0F00E64B30FF,S_BA029ABB7288,P_CC1823CFE87D,137,17,34,2026-04-15,False
SL_BFB2C4647D70,S_8906C8E63CEB,P_747DDDA081A8,154,43,86,2026-05-10,False
SL_2677850CD334,S_CC822411B18D,P_134A648369B5,150,47,141,2026-03-19,False
SL_3CF593BB1983,S_CC822411B18D,P_8EE2C401F6D1,77,5,15,2026-04-25,False
SL_402E8171743E,S_13CDF8EEF737,P_626C262AE98A,193,35,105,2026-02-19,False
SL_0E25E385D990,S_DC92A4557FA3,P_F399DD4B138B,52,30,90,2026-03-10,False
SL_FFB7AA15A1B3,S_BA029ABB7288,P_822A352706E0,72,29,145,2026-03-12,False
SL_57E6F41A4765,S_BA029ABB7288,P_0C4F8FB6739A,66,28,140,2026-03-21,False
SL_A8C6EB6CE909,S_13CDF8EEF737,P_05D5FDEDCEB9,120,25,75,2026-04-02,False
SL_3DEEF16B42B2,S_BA029ABB7288,P_465ADF81FBA2,11,41,123,2026-05-01,True
SL_C9F4240C0EE9,S_13CDF8EEF737,P_7881ABF573AE,141,42,210,2026-04-12,False
SL_B34A817D33B0,S_CC822411B18D,P_4260EF234235,84,19,95,2026-03-08,False
SL_658C8FF57162,S_CC822411B18D,P_326144CB626C,140,46,184,2026-04-17,False
SL_CA0D8BA53F1E,S_8906C8E63CEB,P_05D5FDEDCEB9,164,36,180,2026-04-28,False
SL_FB24CD19E5BD,S_BA029ABB7288,P_DF27B2CA898B,35,39,195,2026-04-26,True
SL_6A7CD4EC859E,S_DC92A4557FA3,P_E34307749BB1,15,38,76,2026-05-10,True
SL_E5FCC04D4FC0,S_13CDF8EEF737,P_134A648369B5,1,31,93,2026-02-28,True
SL_37C8694DB9D5,S_CC822411B18D,P_A7E3F9F5E7C4,181,14,28,2026-04-22,False
SL_24C72C10E567,S_DC92A4557FA3,P_50679010067C,95,8,40,2026-02-24,False
SL_54E231736A8B,S_8906C8E63CEB,P_C961D1EB95F7,1,39,195,2026-05-18,True
SL_7ECC740EB322,S_13CDF8EEF737,P_A668BA51F0E6,184,22,88,2026-05-17,False
SL_77C375D6B0C4,S_DC92A4557FA3,P_5756D22C3302,172,32,96,2026-05-06,False
SL_FCCCFFB2BD84,S_13CDF8EEF737,P_A668BA51F0E6,38,20,60,2026-03-01,False
SL_FD9F1CD26552,S_DC92A4557FA3,P_7881ABF573AE,90,22,110,2026-05-09,False
SL_3A4291CE1C50,S_BA029ABB7288,P_50542FD44471,117,41,123,2026-02-19,False
SL_5D60AF88A547,S_CC822411B18D,P_0C4F8FB6739A,175,10,20,2026-05-08,False
SL_7A7AA85E9D20,S_8906C8E63CEB,P_B4DFAA442293,96,40,200,2026-05-12,False
SL_9C12A95EE1AA,S_13CDF8EEF737,P_5756D22C3302,43,10,50,2026-03-25,False
SL_1D88D6A21932,S_BA029ABB7288,P_663236233C4B,24,38,76,2026-04-20,True
SL_87473CEC276D,S_CC822411B18D,P_5756D22C3302,145,35,140,2026-05-14,False
SL_E6CB8C94CC00,S_13CDF8EEF737,P_747DDDA081A8,71,39,78,2026-04-27,False
SL_66E425253967,S_BA029ABB7288,P_C961D1EB95F7,53,42,126,2026-03-30,False
SL_6D6810AB9DA1,S_13CDF8EEF737,P_0C4F8FB6739A,41,41,123,2026-03-08,False
SL_A713DB968BEA,S_8906C8E63CEB,P_747DDDA081A8,138,26,130,2026-05-02,False
SL_C6391E4FA600,S_13CDF8EEF737,P_303F95608503,190,27,54,2026-05-07,False
SL_C054631137A7,S_8906C8E63CEB,P_FB2D12C2A319,19,26,130,2026-04-08,True
SL_987E7620601F,S_13CDF8EEF737,P_2CD748AE79BC,69,33,165,2026-04-20,False
SL_459E79CAF228,S_BA029ABB7288,P_0A79EED1DABC,96,32,96,2026-02-21,False
SL_14185AE2AC79,S_DC92A4557FA3,P_668DA327E4B9,97,10,40,2026-04-18,False
SL_C931963F19E6,S_13CDF8EEF737,P_CC1823CFE87D,68,14,70,2026-02-27,False
SL_928442D6513D,S_CC822411B18D,P_626C262AE98A,99,25,100,2026-05-06,False
SL_B0AEC35C54F6,S_13CDF8EEF737,P_2C946377FC46,78,33,132,2026-04-15,False
SL_AAE9FA58D65F,S_13CDF8EEF737,P_A83EC48441FB,22,16,80,2026-03-23,False
SL_028711458ABF,S_DC92A4557FA3,P_0A79EED1DABC,131,31,62,2026-05-16,False
SL_6180CB1AE259,S_13CDF8EEF737,P_6C4353462EC1,141,10,40,2026-03-31,False
SL_6A52C1A45FAB,S_13CDF8EEF737,P_3B15720CBFC3,105,29,58,2026-03-09,False
SL_C857E6B8FFFE,S_CC822411B18D,P_663236233C4B,133,15,75,2026-04-28,False
SL_3B729E575C4C,S_CC822411B18D,P_56AFDD4D513C,77,22,110,2026-05-01,False
SL_5F030E2EDD6F,S_13CDF8EEF737,P_DF27B2CA898B,111,22,110,2026-04-11,False
SL_1F7C47921A77,S_8906C8E63CEB,P_A7E3F9F5E7C4,92,21,63,2026-02-28,False
SL_E881540A48B6,S_8906C8E63CEB,P_17FA6AAB635F,157,17,85,2026-05-06,False
SL_1F944477B831,S_CC822411B18D,P_0C4F8FB6739A,1,30,120,2026-03-01,True
SL_8AE118313EC2,S_8906C8E63CEB,P_8EE2C401F6D1,112,26,130,2026-02-25,False
SL_C020B8AC79AE,S_DC92A4557FA3,P_A83EC48441FB,76,25,75,2026-03-19,False
SL_444702E3EF01,S_BA029ABB7288,P_91A9DC6AFBE0,101,25,100,2026-02-20,False
SL_A7DCD31F5E4F,S_8906C8E63CEB,P_663236233C4B,200,20,80,2026-04-01,False
SL_7CCEB4EC2959,S_BA029ABB7288,P_50542FD44471,93,12,36,2026-03-05,False
SL_D5DF558DE7CB,S_DC92A4557FA3,P_91A9DC6AFBE0,174,40,80,2026-03-21,False
SL_DBA97D62EFFA,S_CC822411B18D,P_9DABD2D4C20D,74,49,98,2026-03-28,False
SL_C248753F06F0,S_8906C8E63CEB,P_A83EC48441FB,162,24,72,2026-04-17,False
SL_C27B95D214D1,S_CC822411B18D,P_F399DD4B138B,108,29,58,2026-03-23,False
SL_3052A69E985B,S_DC92A4557FA3,P_3DF9DCDDC71B,149,30,150,2026-03-11,False
SL_56530688A7A6,S_13CDF8EEF737,P_BA4D1BE7FEA0,179,39,78,2026-05-06,False
SL_0DD21632732A,S_CC822411B18D,P_668DA327E4B9,170,27,81,2026-02-26,False
SL_F641206A4831,S_DC92A4557FA3,P_A5A544A344D0,144,46,230,2026-04-07,False
SL_B27C4E388FBD,S_8906C8E63CEB,P_20503FF72A21,2,11,44,2026-04-21,True
SL_825FF1A48926,S_DC92A4557FA3,P_626C262AE98A,132,40,120,2026-03-23,False
SL_59F732E24FE8,S_BA029ABB7288,P_50542FD44471,118,48,144,2026-04-05,False
SL_068980667DB1,S_13CDF8EEF737,P_3DF9DCDDC71B,26,23,115,2026-05-09,False
SL_4066DB287E1E,S_13CDF8EEF737,P_05D5FDEDCEB9,36,27,108,2026-04-06,False
SL_401EAC175BA7,S_8906C8E63CEB,P_BFF4A828C6CB,133,35,140,2026-03-20,False
SL_D9962F3408A4,S_13CDF8EEF737,P_9DABD2D4C20D,184,49,245,2026-04-09,False
SL_3B3EBED02E40,S_13CDF8EEF737,P_0C4F8FB6739A,11,50,100,2026-05-17,True
SL_7AED7978A3F8,S_BA029ABB7288,P_E34307749BB1,27,48,144,2026-04-18,True
SL_3C4412E331F0,S_DC92A4557FA3,P_91A9DC6AFBE0,141,15,60,2026-03-09,False
SL_A60FF4557226,S_8906C8E63CEB,P_50679010067C,59,30,90,2026-04-26,False
SL_B3F6761D40BA,S_8906C8E63CEB,P_50542FD44471,7,44,132,2026-03-23,True
SL_3C267456BB2B,S_DC92A4557FA3,P_35F1F1322F2F,99,5,15,2026-04-23,False
SL_60DB137FA32F,S_BA029ABB7288,P_134A648369B5,180,9,18,2026-03-12,False
SL_25AFBA7DBB66,S_CC822411B18D,P_BA4D1BE7FEA0,83,17,85,2026-05-05,False
SL_3D59154911A2,S_BA029ABB7288,P_668DA327E4B9,125,38,152,2026-03-04,False
SL_768D4CF2E508,S_8906C8E63CEB,P_7D086A269945,100,42,84,2026-04-05,False
SL_2356C213C137,S_BA029ABB7288,P_50679010067C,158,16,64,2026-03-02,False
SL_FF4AAD590994,S_DC92A4557FA3,P_CC1823CFE87D,172,13,52,2026-05-04,False
SL_548B9E397316,S_CC822411B18D,P_0C4F8FB6739A,29,16,64,2026-02-20,False
SL_32E811FF96C8,S_CC822411B18D,P_303F95608503,99,31,93,2026-03-07,False
SL_FD6ED688AB75,S_8906C8E63CEB,P_35F1F1322F2F,47,36,108,2026-03-09,False
SL_F0C3AD5E20B9,S_CC822411B18D,P_326144CB626C,73,13,39,2026-04-09,False
SL_D979B62BD7C7,S_8906C8E63CEB,P_7D086A269945,13,27,54,2026-03-18,True
SL_56F7FFC8EF94,S_CC822411B18D,P_4260EF234235,98,40,200,2026-03-28,False
SL_7273BB69513B,S_8906C8E63CEB,P_465ADF81FBA2,181,33,165,2026-04-28,False
SL_6DC207DB05AD,S_13CDF8EEF737,P_663236233C4B,7,19,76,2026-05-15,True
SL_4AF218C2BE37,S_BA029ABB7288,P_FB2D12C2A319,137,23,69,2026-03-22,False
SL_067666FB97A8,S_DC92A4557FA3,P_626C262AE98A,197,36,72,2026-03-07,False
SL_C972957E5842,S_13CDF8EEF737,P_56AFDD4D513C,198,39,156,2026-03-11,False
SL_2A0221960DE0,S_13CDF8EEF737,P_134A648369B5,184,33,99,2026-03-26,False
SL_CCEAEAE96841,S_13CDF8EEF737,P_626C262AE98A,167,20,80,2026-05-15,False
SL_0B9DE4B82889,S_8906C8E63CEB,P_7881ABF573AE,89,10,50,2026-05-04,False
SL_799ACAA35A78,S_CC822411B18D,P_BFF4A828C6CB,188,42,168,2026-02-18,False
SL_72A72B35370E,S_DC92A4557FA3,P_2CD748AE79BC,109,15,45,2026-04-23,False
SL_A2570B747DF3,S_CC822411B18D,P_C00BC37203EB,145,27,108,2026-03-04,False
SL_4D2E34D48F33,S_DC92A4557FA3,P_DF27B2CA898B,82,50,200,2026-04-12,False
SL_C23DB300F123,S_DC92A4557FA3,P_56AFDD4D513C,131,48,96,2026-05-02,False
SL_4A4F4E0986CB,S_8906C8E63CEB,P_C00BC37203EB,70,46,138,2026-02-19,False
SL_574DAC334C72,S_CC822411B18D,P_4EF656FC88BA,37,50,200,2026-04-18,True
SL_94D6F2C689C4,S_8906C8E63CEB,P_326144CB626C,36,41,164,2026-02-28,True
SL_85B89F8D7147,S_8906C8E63CEB,P_B4DFAA442293,115,9,18,2026-03-29,False
SL_A84F3BC053D5,S_DC92A4557FA3,P_626C262AE98A,71,49,196,2026-03-22,False
SL_FB19136878F3,S_8906C8E63CEB,P_BF2D36EF46F9,148,5,10,2026-03-22,False
SL_764E87A5D743,S_BA029ABB7288,P_A7E3F9F5E7C4,136,30,90,2026-03-26,False
SL_0679103A10A2,S_CC822411B18D,P_326144CB626C,68,25,100,2026-04-06,False
SL_F2630F36DC2B,S_DC92A4557FA3,P_663236233C4B,33,41,205,2026-04-06,True
SL_C5E969CFCA85,S_13CDF8EEF737,P_A5A544A344D0,25,45,225,2026-05-17,True
SL_A97BC55494EE,S_13CDF8EEF737,P_DF27B2CA898B,112,34,68,2026-03-26,False
SL_5AA8EB235301,S_CC822411B18D,P_5756D22C3302,33,46,184,2026-04-29,True
SL_5CD0967CC30F,S_BA029ABB7288,P_CC1823CFE87D,167,28,112,2026-05-09,False
SL_463350C85442,S_BA029ABB7288,P_668DA327E4B9,166,15,30,2026-03-30,False
SL_757D04ACEF44,S_BA029ABB7288,P_05D5FDEDCEB9,179,19,95,2026-02-25,False
SL_FED7526FB8D8,S_13CDF8EEF737,P_F399DD4B138B,24,5,15,2026-03-19,False
SL_D599806D5308,S_13CDF8EEF737,P_A83EC48441FB,151,19,95,2026-05-18,False
SL_5E4896246D82,S_13CDF8EEF737,P_5756D22C3302,87,12,60,2026-02-20,False
SL_3899C2DF4274,S_CC822411B18D,P_3DF9DCDDC71B,18,19,95,2026-05-08,True
SL_0916655E6876,S_13CDF8EEF737,P_20503FF72A21,80,28,112,2026-05-02,False
SL_2E85C3B3C0D4,S_8906C8E63CEB,P_822A352706E0,192,13,39,2026-05-11,False
SL_8BD3C415454B,S_DC92A4557FA3,P_663236233C4B,2,44,132,2026-03-24,True
SL_118127D88F1B,S_BA029ABB7288,P_05D5FDEDCEB9,54,45,135,2026-03-28,False
SL_93C41F1C104D,S_DC92A4557FA3,P_747DDDA081A8,113,18,36,2026-05-07,False
SL_3BF3A8F58805,S_CC822411B18D,P_134A648369B5,31,42,210,2026-04-05,True
SL_65BFF8754A04,S_8906C8E63CEB,P_BF2D36EF46F9,35,20,80,2026-02-26,False
SL_ABDAE0C7DB3E,S_13CDF8EEF737,P_4EF656FC88BA,141,43,172,2026-02-20,False
SL_9FCCD2AF1EC6,S_13CDF8EEF737,P_668DA327E4B9,77,18,54,2026-03-30,False
SL_69739D0F877E,S_BA029ABB7288,P_E34307749BB1,13,20,100,2026-03-31,True
SL_EAFE56443281,S_13CDF8EEF737,P_4EF656FC88BA,127,45,90,2026-03-13,False
SL_AE5565183D2F,S_13CDF8EEF737,P_BA4D1BE7FEA0,81,13,65,2026-03-08,False
SL_15C628A961F8,S_8906C8E63CEB,P_BA4D1BE7FEA0,139,48,144,2026-03-20,False
SL_5E81299AA871,S_13CDF8EEF737,P_C961D1EB95F7,150,9,18,2026-04-16,False
SL_215A89CFD8C0,S_CC822411B18D,P_A5A544A344D0,15,30,120,2026-02-28,True
SL_FAE1A7C74ED9,S_DC92A4557FA3,P_822A352706E0,106,32,160,2026-05-09,False
SL_08F8B42F19E5,S_DC92A4557FA3,P_15D903BF4D90,157,14,56,2026-05-09,False
SL_53B9836A5B8E,S_BA029ABB7288,P_CC1823CFE87D,130,18,54,2026-03-12,False
SL_3DEFC4F5347D,S_BA029ABB7288,P_50542FD44471,150,45,90,2026-04-10,False
SL_CB1E85042DCB,S_8906C8E63CEB,P_05D5FDEDCEB9,61,8,24,2026-05-08,False
SL_004697D34F3C,S_8906C8E63CEB,P_B994874FA6AF,116,44,88,2026-04-10,False
SL_4B064A119AA1,S_CC822411B18D,P_B994874FA6AF,3,50,150,2026-02-19,True
SL_CF41199D4AF9,S_13CDF8EEF737,P_DF27B2CA898B,127,27,108,2026-04-28,False
SL_EA55A729047B,S_BA029ABB7288,P_A83EC48441FB,191,22,44,2026-05-16,False
SL_1616808F37D6,S_BA029ABB7288,P_35F1F1322F2F,69,38,76,2026-04-16,False
SL_471F56FC1950,S_DC92A4557FA3,P_2CD748AE79BC,19,36,180,2026-03-15,True
SL_B946804254A7,S_BA029ABB7288,P_C00BC37203EB,127,41,123,2026-04-02,False
SL_2B217CF4269A,S_CC822411B18D,P_7881ABF573AE,197,11,22,2026-04-20,False
SL_8DD3F3C822E4,S_DC92A4557FA3,P_2C946377FC46,11,5,15,2026-05-14,False
SL_63A05D372A55,S_8906C8E63CEB,P_BA4D1BE7FEA0,98,14,42,2026-05-15,False
SL_87B79DE722F8,S_DC92A4557FA3,P_F399DD4B138B,189,46,230,2026-04-21,False
SL_27EB6BC098C0,S_BA029ABB7288,P_4EF656FC88BA,106,25,100,2026-05-10,False
SL_97EA7E7385B7,S_DC92A4557FA3,P_BA4D1BE7FEA0,30,37,74,2026-04-27,True
SL_9AECBD72B992,S_CC822411B18D,P_A668BA51F0E6,11,30,60,2026-03-21,True
SL_91588F218977,S_BA029ABB7288,P_822A352706E0,79,25,50,2026-03-10,False
SL_042820AB6E23,S_8906C8E63CEB,P_2C946377FC46,94,17,68,2026-03-08,False
SL_4557CBB64E52,S_BA029ABB7288,P_626C262AE98A,159,20,100,2026-04-02,False
SL_B2497586C52B,S_DC92A4557FA3,P_326144CB626C,197,17,51,2026-04-30,False
SL_3EDF878C83F2,S_13CDF8EEF737,P_465ADF81FBA2,6,19,76,2026-02-27,True
SL_0A654DA15362,S_13CDF8EEF737,P_8EE2C401F6D1,0,47,235,2026-04-10,True
SL_D9E4EB9A5F0A,S_13CDF8EEF737,P_BFF4A828C6CB,135,20,100,2026-03-18,False
SL_58FEA9709F3A,S_13CDF8EEF737,P_4273A5F474A1,182,22,44,2026-05-14,False
SL_5486D25032BB,S_CC822411B18D,P_A668BA51F0E6,105,49,196,2026-03-22,False
SL_0A9C5B0F12EA,S_13CDF8EEF737,P_D9AB13729A48,24,37,111,2026-02-27,True
SL_0FD4196E0F6C,S_8906C8E63CEB,P_A7E3F9F5E7C4,151,41,82,2026-03-25,False
SL_47D7671D054F,S_CC822411B18D,P_4EF656FC88BA,74,21,84,2026-03-30,False
SL_2A53340F0D34,S_BA029ABB7288,P_BF2D36EF46F9,115,22,66,2026-05-10,False
SL_86155E861663,S_CC822411B18D,P_A83EC48441FB,199,42,84,2026-04-30,False
SL_0EDB16975628,S_13CDF8EEF737,P_DF27B2CA898B,115,34,136,2026-03-28,False
SL_183D3F8325E2,S_13CDF8EEF737,P_15D903BF4D90,91,18,90,2026-04-10,False
SL_098D910CF4F9,S_8906C8E63CEB,P_7881ABF573AE,30,10,30,2026-02-21,False
SL_5EDD0BD56F35,S_BA029ABB7288,P_F399DD4B138B,178,43,86,2026-04-22,False
SL_92D69BE01881,S_BA029ABB7288,P_4273A5F474A1,23,50,150,2026-04-04,True
SL_61C50503DEE2,S_8906C8E63CEB,P_303F95608503,12,48,192,2026-04-16,True
SL_5F5EA84B43D2,S_CC822411B18D,P_C961D1EB95F7,103,33,99,2026-05-07,False
SL_F765F5CE0ACA,S_8906C8E63CEB,P_20503FF72A21,35,12,24,2026-05-12,False
SL_5790210C7E25,S_CC822411B18D,P_A83EC48441FB,50,30,120,2026-02-21,False
SL_88134E2F5870,S_13CDF8EEF737,P_D9AB13729A48,150,21,42,2026-05-17,False
SL_3A389C7D7345,S_13CDF8EEF737,P_4260EF234235,165,33,99,2026-05-08,False
SL_E61F730FBDC2,S_BA029ABB7288,P_B994874FA6AF,10,34,68,2026-04-28,True
SL_2D976CBE6FA5,S_DC92A4557FA3,P_35F1F1322F2F,185,30,150,2026-05-16,False
SL_33AC98086DFF,S_8906C8E63CEB,P_747DDDA081A8,109,16,64,2026-04-22,False
SL_A6524A827C4C,S_CC822411B18D,P_56AFDD4D513C,71,33,99,2026-05-15,False
SL_6271F200D39A,S_DC92A4557FA3,P_7D086A269945,157,20,80,2026-03-17,False
SL_4E478BF56A4D,S_8906C8E63CEB,P_0A79EED1DABC,122,8,16,2026-04-14,False
SL_1D892A05430E,S_8906C8E63CEB,P_A83EC48441FB,107,17,51,2026-02-28,False
SL_449136E95634,S_DC92A4557FA3,P_C961D1EB95F7,97,50,200,2026-03-19,False
SL_CB80CE4C51B8,S_DC92A4557FA3,P_326144CB626C,88,41,164,2026-03-31,False
SL_E986E5452B92,S_BA029ABB7288,P_91A9DC6AFBE0,6,25,75,2026-05-16,True
SL_07317899E993,S_BA029ABB7288,P_C00BC37203EB,120,38,152,2026-03-06,False
SL_2142F0E4F625,S_CC822411B18D,P_DF27B2CA898B,25,20,60,2026-04-15,False
SL_8096E3862B6C,S_DC92A4557FA3,P_626C262AE98A,14,19,95,2026-04-04,True
SL_C9FE3BD3C481,S_CC822411B18D,P_91A9DC6AFBE0,60,42,168,2026-02-19,False
SL_F15B2E1BFF26,S_BA029ABB7288,P_D9AB13729A48,7,50,200,2026-03-08,True
SL_FFCD4E354032,S_DC92A4557FA3,P_4273A5F474A1,144,17,85,2026-03-11,False
SL_582B0085A788,S_BA029ABB7288,P_91A9DC6AFBE0,125,7,14,2026-05-12,False
SL_ACF89B3F52E0,S_CC822411B18D,P_17FA6AAB635F,56,6,30,2026-05-19,False
SL_2134CFCFE87B,S_BA029ABB7288,P_7D086A269945,51,13,52,2026-04-27,False
SL_53CF5E64CC9D,S_BA029ABB7288,P_C00BC37203EB,5,14,42,2026-05-05,True
SL_FF0D1C1484FD,S_DC92A4557FA3,P_BA4D1BE7FEA0,18,28,140,2026-03-05,True
SL_EEE24C5D8580,S_13CDF8EEF737,P_8EE2C401F6D1,77,25,75,2026-04-29,False
SL_14EEDF9CBB02,S_8906C8E63CEB,P_2CD748AE79BC,124,46,184,2026-04-27,False
SL_247FBE43F2D1,S_DC92A4557FA3,P_5756D22C3302,157,27,81,2026-02-23,False
SL_AAF624D510F6,S_DC92A4557FA3,P_91A9DC6AFBE0,96,24,96,2026-05-03,False
SL_C7839016E2C0,S_CC822411B18D,P_05D5FDEDCEB9,0,49,245,2026-03-08,True
SL_515B655D0B23,S_13CDF8EEF737,P_91A9DC6AFBE0,154,25,75,2026-02-27,False
SL_BCC9AF112C05,S_DC92A4557FA3,P_20503FF72A21,127,14,56,2026-05-10,False
SL_1026505AFBF9,S_CC822411B18D,P_6C4353462EC1,81,15,30,2026-02-18,False
SL_E92B9E79C08B,S_BA029ABB7288,P_9DABD2D4C20D,2,21,63,2026-04-18,True
SL_9286DD46CA1E,S_13CDF8EEF737,P_6C4353462EC1,65,11,22,2026-05-13,False
SL_7EF22613BE0C,S_8906C8E63CEB,P_9DABD2D4C20D,187,31,93,2026-03-28,False
SL_8FF4E54634A7,S_8906C8E63CEB,P_B4DFAA442293,89,39,195,2026-05-07,False
SL_120022E9F4D2,S_8906C8E63CEB,P_663236233C4B,166,48,144,2026-04-29,False
SL_79F9B857B076,S_8906C8E63CEB,P_A7E3F9F5E7C4,8,23,46,2026-04-09,True
SL_C40000D039F1,S_BA029ABB7288,P_20503FF72A21,18,26,78,2026-04-01,True
SL_2E0397D2C62A,S_CC822411B18D,P_05D5FDEDCEB9,19,40,80,2026-04-06,True
SL_4D7529DC0DCD,S_DC92A4557FA3,P_7D086A269945,123,50,100,2026-03-25,False
SL_235F86D74CAA,S_CC822411B18D,P_17FA6AAB635F,111,15,30,2026-05-07,False
SL_E45CF929E0C6,S_BA029ABB7288,P_BFF4A828C6CB,48,31,124,2026-02-24,False
SL_32D7EF79373E,S_BA029ABB7288,P_0C4F8FB6739A,60,11,22,2026-03-30,False
SL_C7F07CE49B0A,S_DC92A4557FA3,P_0A79EED1DABC,125,14,28,2026-04-03,False
SL_BE005D99B124,S_13CDF8EEF737,P_35F1F1322F2F,22,23,115,2026-04-24,True
SL_16DDCB5A3B22,S_13CDF8EEF737,P_C961D1EB95F7,52,15,60,2026-05-09,False
SL_6129F220650E,S_8906C8E63CEB,P_B994874FA6AF,78,30,150,2026-03-18,False
SL_856C5DDBBC49,S_BA029ABB7288,P_CC1823CFE87D,164,39,195,2026-04-26,False
SL_75B93AC2B8CC,S_BA029ABB7288,P_B4DFAA442293,94,16,80,2026-05-14,False
SL_53EC999824AF,S_BA029ABB7288,P_9DABD2D4C20D,119,21,63,2026-04-15,False
SL_5590A90D1ADC,S_DC92A4557FA3,P_C00BC37203EB,38,49,98,2026-05-09,True
SL_425AC63CBD9D,S_BA029ABB7288,P_15D903BF4D90,105,42,126,2026-03-10,False
SL_5F3391563675,S_13CDF8EEF737,P_B4DFAA442293,133,31,155,2026-03-07,False
SL_D98A3C65CF14,S_CC822411B18D,P_3DF9DCDDC71B,76,10,50,2026-05-15,False
SL_05CBD4646092,S_DC92A4557FA3,P_663236233C4B,132,41,123,2026-05-04,False
SL_40703233D974,S_8906C8E63CEB,P_91A9DC6AFBE0,42,18,54,2026-05-03,False
SL_B5647C17E5A8,S_13CDF8EEF737,P_35F1F1322F2F,20,48,240,2026-04-24,True
SL_0A3A03946223,S_CC822411B18D,P_17FA6AAB635F,66,25,50,2026-05-08,False
SL_22E1B53AA6E4,S_8906C8E63CEB,P_0A79EED1DABC,101,40,160,2026-04-14,False
SL_B3FE45E3A002,S_DC92A4557FA3,P_50679010067C,3,49,245,2026-05-05,True
SL_76C8988C3409,S_8906C8E63CEB,P_4273A5F474A1,37,41,82,2026-05-06,True
SL_309EECB6ECE4,S_DC92A4557FA3,P_822A352706E0,25,23,92,2026-03-28,False
SL_303E1C78C911,S_BA029ABB7288,P_B4DFAA442293,167,36,180,2026-05-15,False
SL_9638F52ADE07,S_CC822411B18D,P_56AFDD4D513C,103,14,70,2026-05-15,False
SL_922D0E0C764D,S_8906C8E63CEB,P_8EE2C401F6D1,176,20,40,2026-03-20,False
SL_BDF55F8E92D7,S_BA029ABB7288,P_BA4D1BE7FEA0,5,26,104,2026-04-10,True
SL_8EB1F758F337,S_BA029ABB7288,P_326144CB626C,178,48,96,2026-04-20,False
SL_215BCFBC8F17,S_CC822411B18D,P_0C4F8FB6739A,190,33,132,2026-04-15,False
SL_99ADAE6DE8B1,S_8906C8E63CEB,P_17FA6AAB635F,165,10,30,2026-03-24,False
SL_9600215B0CB5,S_CC822411B18D,P_465ADF81FBA2,189,36,144,2026-05-12,False
SL_4C2593836518,S_DC92A4557FA3,P_DF27B2CA898B,16,24,120,2026-05-02,True
SL_EC6F3CC550EB,S_DC92A4557FA3,P_663236233C4B,7,16,48,2026-04-24,True
SL_121D340BF5EF,S_13CDF8EEF737,P_4EF656FC88BA,8,34,68,2026-04-03,True
SL_CC547121C3C8,S_CC822411B18D,P_56AFDD4D513C,94,34,170,2026-02-27,False
SL_77DDDE99E45A,S_13CDF8EEF737,P_747DDDA081A8,7,20,80,2026-03-18,True
SL_71F8E9CBC13C,S_DC92A4557FA3,P_9DABD2D4C20D,45,35,140,2026-04-05,False
SL_49B48A40EE53,S_CC822411B18D,P_7881ABF573AE,191,49,98,2026-04-13,False
SL_377A9E31E041,S_13CDF8EEF737,P_B4DFAA442293,12,15,45,2026-04-21,True
SL_DB1165949FDD,S_CC822411B18D,P_747DDDA081A8,52,22,110,2026-03-15,False
SL_824536895B2B,S_13CDF8EEF737,P_822A352706E0,196,48,96,2026-03-20,False
SL_9DEB448A793C,S_CC822411B18D,P_E34307749BB1,44,43,86,2026-04-21,False
SL_75CD0A3C769C,S_BA029ABB7288,P_17FA6AAB635F,78,50,200,2026-03-26,False
SL_D9512FB555B5,S_8906C8E63CEB,P_6C4353462EC1,117,21,63,2026-03-21,False
SL_07E1DACEE612,S_BA029ABB7288,P_747DDDA081A8,133,44,220,2026-03-06,False
SL_2899B8586546,S_13CDF8EEF737,P_2C946377FC46,130,47,188,2026-03-09,False
SL_0CA6AEC111E9,S_DC92A4557FA3,P_17FA6AAB635F,72,24,48,2026-03-19,False
SL_0C773F5B78C3,S_13CDF8EEF737,P_8EE2C401F6D1,70,45,180,2026-04-14,False
SL_DC08DF86B480,S_BA029ABB7288,P_E34307749BB1,182,46,184,2026-04-25,False
SL_CBC91B3A2BC4,S_CC822411B18D,P_A668BA51F0E6,195,20,40,2026-03-04,False
SL_01084A70E72C,S_8906C8E63CEB,P_668DA327E4B9,81,48,144,2026-05-16,False
SL_69F34BE4B58C,S_8906C8E63CEB,P_3B15720CBFC3,66,31,155,2026-03-31,False
SL_9061FECD937B,S_13CDF8EEF737,P_D9AB13729A48,181,41,123,2026-04-06,False
SL_717F604941E5,S_CC822411B18D,P_747DDDA081A8,136,45,225,2026-02-23,False
SL_05E7986769E4,S_BA029ABB7288,P_303F95608503,76,15,45,2026-04-12,False
SL_45AE23195A6E,S_13CDF8EEF737,P_3DF9DCDDC71B,32,21,63,2026-02-21,False
SL_4FCD28C27900,S_BA029ABB7288,P_E34307749BB1,22,19,76,2026-04-21,False
SL_82A5400BD56E,S_BA029ABB7288,P_465ADF81FBA2,84,28,112,2026-03-06,False
SL_3D9A37591F24,S_BA029ABB7288,P_50679010067C,30,35,70,2026-02-27,True
SL_0754851FB75D,S_DC92A4557FA3,P_D9AB13729A48,158,9,45,2026-04-25,False
SL_B5656EFA2A59,S_DC92A4557FA3,P_B994874FA6AF,174,29,116,2026-03-28,False
SL_3AB25B4399BB,S_13CDF8EEF737,P_4273A5F474A1,35,17,68,2026-03-28,False
SL_DAB9EB0B0976,S_DC92A4557FA3,P_50679010067C,36,25,75,2026-05-09,False
SL_3813B52590B3,S_8906C8E63CEB,P_8EE2C401F6D1,161,16,64,2026-02-27,False
SL_2FED12F8FF2E,S_13CDF8EEF737,P_2C946377FC46,115,22,66,2026-04-28,False
SL_6EEA257296DC,S_DC92A4557FA3,P_134A648369B5,40,36,72,2026-05-03,False
SL_F7291F89B60C,S_DC92A4557FA3,P_35F1F1322F2F,162,32,160,2026-03-26,False
SL_912619CD07E0,S_8906C8E63CEB,P_B4DFAA442293,1,7,21,2026-04-02,True
SL_F456C18DD43F,S_13CDF8EEF737,P_BF2D36EF46F9,193,38,114,2026-05-17,False
SL_390F5C282CF7,S_13CDF8EEF737,P_2CD748AE79BC,187,20,60,2026-02-20,False
SL_A86E374F63EC,S_BA029ABB7288,P_0C4F8FB6739A,33,11,55,2026-03-16,False
SL_0B94BC10D3CF,S_DC92A4557FA3,P_0C4F8FB6739A,42,9,18,2026-04-11,False
SL_1F97028B7CE4,S_BA029ABB7288,P_50679010067C,186,38,152,2026-03-25,False
SL_D1453B0E7152,S_CC822411B18D,P_8EE2C401F6D1,125,27,81,2026-04-28,False
SL_B4EAE3228914,S_8906C8E63CEB,P_C961D1EB95F7,58,19,57,2026-04-22,False
SL_BAB655A37C51,S_13CDF8EEF737,P_D9AB13729A48,129,15,30,2026-04-03,False
SL_72538A7835AF,S_13CDF8EEF737,P_B4DFAA442293,163,21,42,2026-03-04,False
SL_CF0010CAB224,S_13CDF8EEF737,P_668DA327E4B9,27,46,92,2026-05-13,True
SL_138F07FCF49C,S_13CDF8EEF737,P_465ADF81FBA2,113,29,58,2026-03-10,False
SL_9A274255E56A,S_BA029ABB7288,P_3DF9DCDDC71B,179,14,42,2026-02-20,False
SL_4395931D000B,S_13CDF8EEF737,P_0C4F8FB6739A,107,47,94,2026-02-24,False
SL_09AC5EBB958C,S_DC92A4557FA3,P_56AFDD4D513C,159,43,129,2026-03-27,False
SL_A28E2A125804,S_13CDF8EEF737,P_303F95608503,184,44,88,2026-04-13,False
SL_9A89828EE290,S_13CDF8EEF737,P_20503FF72A21,127,17,51,2026-04-16,False
SL_EC5C822855CB,S_DC92A4557FA3,P_4260EF234235,91,50,250,2026-04-12,False
SL_B4A5FAE37660,S_CC822411B18D,P_A5A544A344D0,140,36,108,2026-02-20,False
SL_D400C5514239,S_8906C8E63CEB,P_8EE2C401F6D1,60,5,10,2026-02-23,False
SL_1EED6E2D7C2B,S_13CDF8EEF737,P_B994874FA6AF,146,47,235,2026-04-30,False
SL_30A8A8E94B25,S_13CDF8EEF737,P_822A352706E0,130,9,18,2026-04-17,False
SL_69E98C0A7CFF,S_CC822411B18D,P_50679010067C,75,21,105,2026-05-13,False
SL_89E638E18BDE,S_13CDF8EEF737,P_91A9DC6AFBE0,10,23,92,2026-02-22,True
SL_9C9CAB0CC946,S_BA029ABB7288,P_35F1F1322F2F,189,12,24,2026-05-14,False
SL_27D2866747E9,S_13CDF8EEF737,P_A83EC48441FB,169,46,138,2026-04-07,False
SL_C5DC78B90228,S_BA029ABB7288,P_9DABD2D4C20D,159,22,44,2026-04-02,False
SL_0CE3C1AD3AA6,S_BA029ABB7288,P_91A9DC6AFBE0,29,30,150,2026-03-22,True
SL_7127F35671D5,S_BA029ABB7288,P_B4DFAA442293,176,35,175,2026-02-25,False
SL_26581B49567A,S_CC822411B18D,P_B994874FA6AF,33,49,98,2026-04-29,True
SL_855DDB710645,S_13CDF8EEF737,P_465ADF81FBA2,151,35,175,2026-04-26,False
SL_59C2448E5CBD,S_DC92A4557FA3,P_B4DFAA442293,199,27,54,2026-02-21,False
SL_B685E56315EC,S_CC822411B18D,P_3DF9DCDDC71B,124,12,60,2026-03-24,False
SL_B9C884664446,S_13CDF8EEF737,P_A7E3F9F5E7C4,66,46,184,2026-05-18,False
SL_3BE5AE77640B,S_DC92A4557FA3,P_822A352706E0,190,41,123,2026-02-23,False
SL_B991AF1F15B7,S_BA029ABB7288,P_A668BA51F0E6,133,49,98,2026-03-25,False
SL_85199FA4802A,S_CC822411B18D,P_3DF9DCDDC71B,88,47,235,2026-04-30,False
SL_3A05C63A168E,S_DC92A4557FA3,P_7D086A269945,13,5,15,2026-03-16,False
SL_B194EE544D26,S_8906C8E63CEB,P_326144CB626C,42,9,45,2026-04-08,False
SL_282BE59DA205,S_CC822411B18D,P_8EE2C401F6D1,71,8,24,2026-03-10,False
SL_0AB4A2C0FF68,S_8906C8E63CEB,P_50542FD44471,60,10,50,2026-03-24,False
SL_125E19BD15B1,S_DC92A4557FA3,P_9DABD2D4C20D,22,36,180,2026-04-09,True
SL_A317BFAFB84D,S_13CDF8EEF737,P_326144CB626C,190,46,92,2026-05-06,False
SL_F85C0569098C,S_8906C8E63CEB,P_465ADF81FBA2,9,40,80,2026-05-08,True
SL_438B8918AB77,S_DC92A4557FA3,P_7D086A269945,163,24,72,2026-02-25,False
SL_7D9C5F2D4784,S_8906C8E63CEB,P_8EE2C401F6D1,93,8,24,2026-03-22,False
SL_BEC8E299F628,S_BA029ABB7288,P_0A79EED1DABC,196,44,220,2026-02-24,False
SL_42FDC149AACA,S_BA029ABB7288,P_F399DD4B138B,115,12,24,2026-02-24,False
SL_EA97463111D3,S_CC822411B18D,P_2C946377FC46,87,27,108,2026-03-10,False
SL_7A579851633C,S_DC92A4557FA3,P_BA4D1BE7FEA0,179,11,22,2026-04-28,False
SL_BD10A6947BCA,S_8906C8E63CEB,P_A83EC48441FB,183,31,62,2026-04-17,False
SL_216B05C07544,S_DC92A4557FA3,P_4260EF234235,48,12,60,2026-04-22,False
SL_AE7AEFA49EAE,S_8906C8E63CEB,P_4260EF234235,183,26,52,2026-03-27,False
SL_0811D7E9404D,S_13CDF8EEF737,P_2CD748AE79BC,172,42,84,2026-03-23,False
SL_2E4075D50892,S_8906C8E63CEB,P_668DA327E4B9,150,37,111,2026-03-17,False
SL_21DE79E21B01,S_13CDF8EEF737,P_A668BA51F0E6,188,8,40,2026-03-06,False
SL_F38476E94833,S_8906C8E63CEB,P_303F95608503,199,16,48,2026-05-03,False
SL_A66678690813,S_13CDF8EEF737,P_B4DFAA442293,168,43,172,2026-03-16,False
SL_1E6927B659B0,S_8906C8E63CEB,P_465ADF81FBA2,155,49,147,2026-04-14,False
SL_2D514020429A,S_8906C8E63CEB,P_8EE2C401F6D1,75,33,99,2026-05-02,False
SL_7152EA3A2FAF,S_8906C8E63CEB,P_17FA6AAB635F,179,37,148,2026-02-19,False
SL_50F941EAC61F,S_DC92A4557FA3,P_BF2D36EF46F9,182,40,120,2026-04-24,False
SL_7746521E880C,S_CC822411B18D,P_7D086A269945,182,23,92,2026-02-22,False
SL_DB56CC5063F7,S_CC822411B18D,P_F399DD4B138B,166,16,64,2026-02-18,False
SL_F85FA1769862,S_13CDF8EEF737,P_134A648369B5,90,40,200,2026-03-06,False
SL_21BC84F52BC3,S_DC92A4557FA3,P_668DA327E4B9,181,31,124,2026-03-26,False
SL_23175BAE5515,S_13CDF8EEF737,P_A668BA51F0E6,27,6,30,2026-05-01,False
SL_52F2F6663E3C,S_13CDF8EEF737,P_668DA327E4B9,14,17,68,2026-04-29,True
SL_87160E37D21A,S_BA029ABB7288,P_747DDDA081A8,64,14,28,2026-02-20,False
SL_D92EAE7D03F7,S_BA029ABB7288,P_BFF4A828C6CB,192,39,78,2026-04-04,False
SL_32DDA5239400,S_8906C8E63CEB,P_20503FF72A21,157,48,144,2026-02-26,False
SL_8181E46C70A8,S_DC92A4557FA3,P_B4DFAA442293,60,37,148,2026-02-20,False
SL_193A4206AB57,S_13CDF8EEF737,P_B4DFAA442293,99,31,124,2026-03-10,False
SL_8BFFB384FC41,S_13CDF8EEF737,P_2C946377FC46,190,21,63,2026-03-01,False
SL_0F3C215CB9ED,S_8906C8E63CEB,P_FB2D12C2A319,162,50,200,2026-03-05,False
SL_76A84AB6818D,S_DC92A4557FA3,P_626C262AE98A,154,17,51,2026-04-12,False
SL_170699500661,S_8906C8E63CEB,P_91A9DC6AFBE0,174,9,27,2026-04-27,False
SL_9766C1A13D48,S_DC92A4557FA3,P_B994874FA6AF,96,7,35,2026-04-14,False
SL_0A63AE5E1E06,S_DC92A4557FA3,P_7881ABF573AE,33,15,60,2026-05-19,False
SL_C6513C55EF72,S_BA029ABB7288,P_50679010067C,181,14,28,2026-04-30,False
SL_990DE5D5BDF0,S_BA029ABB7288,P_17FA6AAB635F,13,45,180,2026-03-18,True
SL_C06F54F124D8,S_DC92A4557FA3,P_0A79EED1DABC,91,9,36,2026-03-13,False
SL_35007DE69735,S_CC822411B18D,P_91A9DC6AFBE0,133,9,27,2026-03-27,False
SL_8A9C96A9DC7C,S_DC92A4557FA3,P_15D903BF4D90,103,10,40,2026-04-21,False
SL_71F839DA36FB,S_CC822411B18D,P_668DA327E4B9,84,26,104,2026-04-12,False
SL_259E44C9E9BC,S_CC822411B18D,P_134A648369B5,158,38,190,2026-03-09,False
SL_E7F9A8EC7A82,S_13CDF8EEF737,P_B994874FA6AF,171,27,135,2026-04-19,False
SL_C5BD7ABBEABF,S_DC92A4557FA3,P_7D086A269945,62,7,28,2026-04-01,False
SL_F1D1FD4F2468,S_13CDF8EEF737,P_B4DFAA442293,65,39,156,2026-05-16,False
SL_30E52C6F541D,S_DC92A4557FA3,P_822A352706E0,95,37,185,2026-03-18,False
SL_70CE76AD082B,S_13CDF8EEF737,P_3B15720CBFC3,166,17,68,2026-03-15,False
SL_888E50D8EA41,S_13CDF8EEF737,P_20503FF72A21,42,39,78,2026-02-28,False
SL_085BBE44C893,S_13CDF8EEF737,P_BFF4A828C6CB,171,45,135,2026-02-21,False
SL_1596D6D5E2B9,S_8906C8E63CEB,P_20503FF72A21,52,39,195,2026-02-26,False
SL_A3448FF9CFD5,S_13CDF8EEF737,P_626C262AE98A,175,14,28,2026-03-22,False
SL_581691F816B3,S_BA029ABB7288,P_A5A544A344D0,22,9,18,2026-04-27,False
SL_2DE065E3FD3B,S_BA029ABB7288,P_0A79EED1DABC,18,41,123,2026-04-16,True
SL_E9D834345A73,S_8906C8E63CEB,P_B4DFAA442293,115,45,225,2026-03-25,False
SL_F6B90F203DA5,S_BA029ABB7288,P_C961D1EB95F7,99,48,96,2026-03-12,False
SL_4629D460C8FD,S_13CDF8EEF737,P_E34307749BB1,184,44,88,2026-03-06,False
SL_D0E1B6953B7E,S_13CDF8EEF737,P_5756D22C3302,18,27,54,2026-04-12,True
SL_6998129723F5,S_BA029ABB7288,P_17FA6AAB635F,22,23,115,2026-04-01,True
SL_BB831D283913,S_8906C8E63CEB,P_668DA327E4B9,7,35,105,2026-03-12,True
SL_D448B9A9AE00,S_CC822411B18D,P_A83EC48441FB,191,30,120,2026-02-27,False
SL_7F2D080F8F2E,S_CC822411B18D,P_0C4F8FB6739A,173,46,184,2026-05-18,False
SL_A6C39C46450C,S_DC92A4557FA3,P_0A79EED1DABC,36,12,24,2026-05-19,False
SL_22F4169F1A70,S_DC92A4557FA3,P_17FA6AAB635F,100,39,78,2026-04-10,False
SL_3F134591B5D1,S_CC822411B18D,P_626C262AE98A,189,27,81,2026-03-28,False
SL_87862B46878A,S_DC92A4557FA3,P_4273A5F474A1,41,16,48,2026-03-02,False
SL_4BE218AB74A7,S_BA029ABB7288,P_4260EF234235,29,16,32,2026-03-10,False
SL_F58FA3565ADA,S_8906C8E63CEB,P_E34307749BB1,140,9,36,2026-02-23,False
SL_E28FC237AA3F,S_13CDF8EEF737,P_7881ABF573AE,25,17,85,2026-04-07,False
SL_6C31319E74C1,S_BA029ABB7288,P_A83EC48441FB,171,46,138,2026-05-07,False
SL_1FC3735775E3,S_BA029ABB7288,P_7D086A269945,17,17,68,2026-03-18,False
SL_1D5FAEECACA2,S_8906C8E63CEB,P_8EE2C401F6D1,157,47,188,2026-02-20,False
SL_C363E68C7FDB,S_DC92A4557FA3,P_4273A5F474A1,144,41,164,2026-04-09,False
SL_B89E91A2468E,S_8906C8E63CEB,P_DF27B2CA898B,1,25,75,2026-04-21,True
SL_98D2267F8A64,S_8906C8E63CEB,P_56AFDD4D513C,92,13,52,2026-03-19,False
SL_5CE584B5BCDA,S_8906C8E63CEB,P_9DABD2D4C20D,91,24,120,2026-03-10,False
SL_7421D86DE470,S_13CDF8EEF737,P_91A9DC6AFBE0,165,43,86,2026-04-14,False
SL_FBD6D2EDB251,S_CC822411B18D,P_15D903BF4D90,50,21,42,2026-05-10,False
SL_FBA1E75FD9EB,S_13CDF8EEF737,P_303F95608503,161,6,30,2026-03-05,False
SL_54EA65F883BC,S_CC822411B18D,P_A5A544A344D0,141,21,105,2026-02-25,False
SL_A2DAD79E1A71,S_CC822411B18D,P_BA4D1BE7FEA0,100,19,76,2026-05-02,False
SL_99A1707C6B7D,S_8906C8E63CEB,P_303F95608503,130,10,50,2026-04-03,False
SL_0B1CB7E5B9D1,S_DC92A4557FA3,P_2C946377FC46,169,20,60,2026-03-15,False
SL_C6E29343EFA9,S_CC822411B18D,P_9DABD2D4C20D,40,16,48,2026-03-19,False
SL_712B1F5A663F,S_BA029ABB7288,P_A5A544A344D0,56,36,108,2026-05-11,False
SL_122B139845D5,S_BA029ABB7288,P_BA4D1BE7FEA0,59,7,21,2026-03-14,False
SL_7D1F68F2B908,S_BA029ABB7288,P_B4DFAA442293,120,34,68,2026-05-14,False
SL_9EF86EB9E59A,S_BA029ABB7288,P_20503FF72A21,180,38,152,2026-04-16,False
SL_BDCA93D25B8E,S_DC92A4557FA3,P_15D903BF4D90,145,16,80,2026-02-25,False
SL_A8DDEEC401BF,S_8906C8E63CEB,P_BA4D1BE7FEA0,150,46,92,2026-03-14,False
SL_466F9DD05D56,S_BA029ABB7288,P_B4DFAA442293,57,38,190,2026-04-04,False
SL_463BF6D79309,S_BA029ABB7288,P_326144CB626C,123,43,86,2026-03-16,False
SL_F70B0AE41FEF,S_CC822411B18D,P_9DABD2D4C20D,42,19,38,2026-03-15,False
SL_0FE366F25689,S_BA029ABB7288,P_BFF4A828C6CB,38,16,48,2026-04-03,False
SL_BAC6291912FE,S_DC92A4557FA3,P_F399DD4B138B,30,47,141,2026-03-27,True
SL_ED875DFB8488,S_BA029ABB7288,P_05D5FDEDCEB9,29,35,175,2026-03-19,True
SL_35FE38721789,S_CC822411B18D,P_D9AB13729A48,41,46,230,2026-05-17,True
SL_B1889388F5D7,S_CC822411B18D,P_A5A544A344D0,32,41,123,2026-05-02,True
SL_3C87A58C271D,S_DC92A4557FA3,P_A5A544A344D0,146,14,28,2026-04-28,False
SL_D28E6C2E0F13,S_BA029ABB7288,P_91A9DC6AFBE0,132,30,60,2026-02-24,False
SL_30F5A7D41864,S_BA029ABB7288,P_CC1823CFE87D,55,33,165,2026-03-19,False
SL_D6A7CAADD2FC,S_CC822411B18D,P_FB2D12C2A319,105,43,129,2026-03-06,False
SL_3B6234922C6F,S_CC822411B18D,P_7D086A269945,168,37,148,2026-04-28,False
SL_6F3180850F3A,S_BA029ABB7288,P_50679010067C,152,42,84,2026-04-20,False
SL_B0CE2EC7FD02,S_8906C8E63CEB,P_B4DFAA442293,33,11,22,2026-04-24,False
SL_3B85D97EEBE8,S_DC92A4557FA3,P_303F95608503,175,31,93,2026-03-03,False
SL_4DBEA6C74B01,S_13CDF8EEF737,P_91A9DC6AFBE0,121,44,88,2026-03-12,False
SL_BCC1C5182D50,S_DC92A4557FA3,P_134A648369B5,30,10,50,2026-02-24,False
SL_2F69E17F4984,S_CC822411B18D,P_17FA6AAB635F,138,5,25,2026-03-14,False
SL_BBEC8AB17388,S_8906C8E63CEB,P_BA4D1BE7FEA0,11,49,245,2026-04-20,True
SL_BF41C29355CC,S_8906C8E63CEB,P_822A352706E0,97,27,54,2026-03-26,False
SL_D3338ECF4BFD,S_CC822411B18D,P_7881ABF573AE,122,19,38,2026-04-13,False
SL_8F17450C2AAD,S_DC92A4557FA3,P_15D903BF4D90,104,21,63,2026-05-19,False
SL_A74634222CB9,S_13CDF8EEF737,P_663236233C4B,133,12,24,2026-04-01,False
SL_E9348D00D68E,S_CC822411B18D,P_5756D22C3302,80,31,124,2026-05-06,False
SL_70833F4B98F7,S_CC822411B18D,P_35F1F1322F2F,166,42,168,2026-04-16,False
SL_23FFA29006D8,S_DC92A4557FA3,P_35F1F1322F2F,144,28,112,2026-02-21,False
SL_D76B18C507D1,S_8906C8E63CEB,P_134A648369B5,52,31,155,2026-04-27,False
SL_BF41D0103F9B,S_BA029ABB7288,P_0A79EED1DABC,142,35,140,2026-04-10,False
SL_DC97049D1580,S_DC92A4557FA3,P_6C4353462EC1,198,50,250,2026-05-02,False
SL_A456BE5D4C58,S_13CDF8EEF737,P_626C262AE98A,58,33,99,2026-05-07,False
SL_5B31584D437B,S_CC822411B18D,P_303F95608503,102,26,52,2026-04-29,False
SL_F71A438AFEE6,S_8906C8E63CEB,P_2CD748AE79BC,1,10,30,2026-03-20,True
SL_E9A43A676219,S_DC92A4557FA3,P_35F1F1322F2F,22,9,36,2026-04-21,False
SL_A0E83577C03E,S_BA029ABB7288,P_CC1823CFE87D,155,7,35,2026-03-29,False
SL_6BCB498139B5,S_DC92A4557FA3,P_E34307749BB1,133,23,46,2026-04-27,False
SL_51FB217010FC,S_8906C8E63CEB,P_9DABD2D4C20D,2,17,68,2026-04-25,True
SL_38061E0A4058,S_13CDF8EEF737,P_17FA6AAB635F,130,38,114,2026-03-02,False
SL_3AA7F04819A0,S_CC822411B18D,P_747DDDA081A8,9,28,84,2026-02-25,True
SL_1EA70B5BD020,S_13CDF8EEF737,P_DF27B2CA898B,22,22,110,2026-04-04,False
SL_F2E28B0AA466,S_8906C8E63CEB,P_50542FD44471,150,17,34,2026-02-18,False
SL_B6858020648C,S_13CDF8EEF737,P_CC1823CFE87D,140,23,92,2026-04-05,False
SL_3722653D38A5,S_BA029ABB7288,P_FB2D12C2A319,155,17,85,2026-03-29,False
SL_B5D70FAB5AE2,S_DC92A4557FA3,P_2C946377FC46,66,16,80,2026-03-16,False
SL_789D2C166115,S_13CDF8EEF737,P_0A79EED1DABC,18,37,148,2026-04-06,True
SL_D36533017116,S_13CDF8EEF737,P_303F95608503,65,39,156,2026-02-20,False
SL_6FB80E234157,S_8906C8E63CEB,P_B4DFAA442293,144,35,105,2026-04-06,False
SL_8596AFA7005D,S_8906C8E63CEB,P_747DDDA081A8,117,42,84,2026-03-19,False
SL_136C3BF54CF5,S_13CDF8EEF737,P_7881ABF573AE,17,29,87,2026-02-22,True
SL_D82C3F932FC1,S_CC822411B18D,P_BF2D36EF46F9,105,27,54,2026-02-19,False
SL_263AFF263775,S_BA029ABB7288,P_4EF656FC88BA,73,10,50,2026-02-22,False
SL_097004F25E02,S_BA029ABB7288,P_A7E3F9F5E7C4,141,16,80,2026-04-09,False
SL_AF2D46489F1C,S_BA029ABB7288,P_BFF4A828C6CB,146,22,66,2026-02-21,False
SL_D72B85793DB1,S_CC822411B18D,P_326144CB626C,188,17,51,2026-04-19,False
SL_03FC6E705DCE,S_BA029ABB7288,P_BFF4A828C6CB,58,17,51,2026-03-01,False
SL_74D67AC3FE85,S_BA029ABB7288,P_4273A5F474A1,199,11,22,2026-05-09,False
SL_625ED0C4E8AC,S_8906C8E63CEB,P_7D086A269945,1,39,78,2026-03-19,True
SL_F90A351A0451,S_BA029ABB7288,P_7D086A269945,80,36,144,2026-03-18,False
SL_EC57F2D0E7E9,S_CC822411B18D,P_134A648369B5,130,22,110,2026-04-21,False
SL_2CDAF92E2787,S_DC92A4557FA3,P_A83EC48441FB,13,38,190,2026-03-19,True
SL_502E2D974654,S_DC92A4557FA3,P_A5A544A344D0,128,27,135,2026-02-21,False
SL_40C8091B1571,S_CC822411B18D,P_50679010067C,30,49,245,2026-04-09,True
SL_DC9F61878D28,S_13CDF8EEF737,P_2C946377FC46,172,18,90,2026-03-06,False
SL_7494C4AD6D72,S_13CDF8EEF737,P_BF2D36EF46F9,92,44,176,2026-04-26,False
SL_A275E0B4B8D4,S_DC92A4557FA3,P_7881ABF573AE,60,22,110,2026-03-02,False
SL_8A1E60937090,S_BA029ABB7288,P_BA4D1BE7FEA0,47,36,180,2026-04-23,False
SL_21AD52EC92D1,S_8906C8E63CEB,P_5756D22C3302,192,28,112,2026-03-29,False
SL_00CD5CC79156,S_BA029ABB7288,P_9DABD2D4C20D,46,41,123,2026-03-07,False
SL_EDD2752BB0D0,S_CC822411B18D,P_20503FF72A21,184,22,66,2026-03-09,False
SL_CB6D10CD3159,S_8906C8E63CEB,P_B4DFAA442293,50,14,42,2026-03-20,False
SL_BF8076686EC3,S_13CDF8EEF737,P_91A9DC6AFBE0,107,36,108,2026-02-28,False
SL_27DE1559D95A,S_DC92A4557FA3,P_15D903BF4D90,184,25,125,2026-04-11,False
SL_ED94F3F983DE,S_BA029ABB7288,P_0A79EED1DABC,145,8,40,2026-05-07,False
SL_EE4487E0B1BF,S_CC822411B18D,P_C00BC37203EB,55,21,105,2026-02-28,False
SL_17255840AF26,S_13CDF8EEF737,P_9DABD2D4C20D,190,26,104,2026-04-03,False
SL_0E406CD17ADF,S_BA029ABB7288,P_0A79EED1DABC,142,21,84,2026-05-17,False
SL_EFFCE1909E37,S_8906C8E63CEB,P_B994874FA6AF,89,48,144,2026-03-07,False
SL_77997130A263,S_DC92A4557FA3,P_E34307749BB1,166,39,117,2026-04-13,False
SL_5D7BBE10D12B,S_BA029ABB7288,P_BF2D36EF46F9,172,37,185,2026-03-23,False
SL_686C2C337708,S_13CDF8EEF737,P_B4DFAA442293,157,23,115,2026-02-28,False
SL_81041977DD4D,S_CC822411B18D,P_DF27B2CA898B,163,26,130,2026-02-28,False
SL_01618CF0314B,S_DC92A4557FA3,P_663236233C4B,103,9,18,2026-04-29,False
SL_69EF2339E008,S_BA029ABB7288,P_FB2D12C2A319,80,25,100,2026-02-18,False
SL_B6E0047B09DD,S_BA029ABB7288,P_17FA6AAB635F,165,30,120,2026-03-24,False
SL_4E0E464F8C00,S_BA029ABB7288,P_626C262AE98A,150,38,190,2026-03-28,False
SL_5BE1750FD2AC,S_CC822411B18D,P_91A9DC6AFBE0,5,13,39,2026-02-24,True
SL_00C277312179,S_BA029ABB7288,P_626C262AE98A,179,10,30,2026-04-28,False
SL_39CB09650B2C,S_8906C8E63CEB,P_20503FF72A21,24,9,45,2026-03-10,False
SL_472536E8B953,S_13CDF8EEF737,P_C961D1EB95F7,197,30,60,2026-05-06,False
SL_057D68CFA891,S_BA029ABB7288,P_7D086A269945,39,10,50,2026-04-10,False
SL_712AF819BCDB,S_CC822411B18D,P_4EF656FC88BA,188,23,115,2026-02-28,False
SL_BA995693EFAC,S_CC822411B18D,P_A83EC48441FB,134,15,30,2026-05-15,False
SL_61F3785B7708,S_BA029ABB7288,P_BF2D36EF46F9,121,34,136,2026-03-10,False
SL_CE8B006F8560,S_8906C8E63CEB,P_A83EC48441FB,178,39,117,2026-03-05,False
SL_C71941E7C223,S_DC92A4557FA3,P_50679010067C,161,45,225,2026-03-13,False
SL_D4A6AE42C52B,S_DC92A4557FA3,P_0C4F8FB6739A,88,35,105,2026-05-08,False
SL_184504CD43BB,S_8906C8E63CEB,P_0C4F8FB6739A,93,31,124,2026-04-30,False
SL_479DE7D69656,S_BA029ABB7288,P_2C946377FC46,0,38,114,2026-04-05,True
SL_F0517980C7DC,S_BA029ABB7288,P_3DF9DCDDC71B,136,5,25,2026-03-19,False
SL_A5A3BB477A45,S_BA029ABB7288,P_2C946377FC46,196,32,128,2026-03-04,False
SL_D0E738E46DB2,S_CC822411B18D,P_2C946377FC46,140,28,84,2026-03-28,False
SL_C00E82AF567C,S_DC92A4557FA3,P_35F1F1322F2F,101,20,60,2026-02-26,False
SL_A008405085E6,S_8906C8E63CEB,P_B4DFAA442293,56,21,42,2026-03-26,False
SL_8629CDC2449B,S_CC822411B18D,P_A668BA51F0E6,195,44,176,2026-04-13,False
SL_18F3D2109A73,S_DC92A4557FA3,P_56AFDD4D513C,105,17,34,2026-04-26,False
SL_FA474D5821CE,S_CC822411B18D,P_3B15720CBFC3,28,45,225,2026-03-01,True
SL_6BC67A23DCAE,S_8906C8E63CEB,P_56AFDD4D513C,179,44,220,2026-04-25,False
SL_7040E4E4C227,S_BA029ABB7288,P_C961D1EB95F7,38,8,16,2026-04-26,False
SL_9FF72683C270,S_13CDF8EEF737,P_3B15720CBFC3,68,13,65,2026-05-18,False
SL_73943FF66AC0,S_CC822411B18D,P_CC1823CFE87D,38,5,25,2026-04-22,False
SL_EC6A56D6CC00,S_BA029ABB7288,P_465ADF81FBA2,79,36,144,2026-03-21,False
SL_95B901E3FEA0,S_13CDF8EEF737,P_8EE2C401F6D1,20,14,28,2026-04-15,False
SL_BF2CEBF2912E,S_8906C8E63CEB,P_A7E3F9F5E7C4,139,35,105,2026-04-25,False
SL_E18D5EE32909,S_BA029ABB7288,P_B4DFAA442293,3,12,36,2026-03-31,True
SL_2DFCC778CE99,S_8906C8E63CEB,P_4EF656FC88BA,188,7,21,2026-03-22,False
SL_833B19328DC3,S_13CDF8EEF737,P_A668BA51F0E6,170,18,90,2026-03-31,False
SL_01EEA171CB43,S_BA029ABB7288,P_BF2D36EF46F9,40,45,90,2026-03-10,True
SL_17C4F6DE8B45,S_DC92A4557FA3,P_B994874FA6AF,64,35,140,2026-04-24,False
SL_BA1C0835B955,S_BA029ABB7288,P_C00BC37203EB,170,18,36,2026-04-19,False
SL_E5C96F170C16,S_8906C8E63CEB,P_BF2D36EF46F9,3,15,60,2026-03-06,True
SL_01CA295A4DE7,S_13CDF8EEF737,P_50542FD44471,62,5,10,2026-03-06,False
SL_D48DDCFE7571,S_8906C8E63CEB,P_5756D22C3302,152,14,56,2026-05-08,False
SL_764F4B7CD4ED,S_CC822411B18D,P_DF27B2CA898B,127,10,40,2026-02-28,False
SL_5F82D03ED17C,S_13CDF8EEF737,P_C00BC37203EB,91,46,138,2026-02-19,False
SL_85A75189D762,S_DC92A4557FA3,P_20503FF72A21,32,36,108,2026-04-09,True
SL_18BD759AD120,S_DC92A4557FA3,P_E34307749BB1,193,27,135,2026-04-25,False
SL_874E0402053C,S_13CDF8EEF737,P_5756D22C3302,96,27,81,2026-04-17,False
SL_354BAFD8CD0F,S_13CDF8EEF737,P_326144CB626C,180,33,132,2026-03-11,False
SL_17DC12BF20CD,S_8906C8E63CEB,P_4260EF234235,145,16,64,2026-04-08,False
SL_7117FF623757,S_8906C8E63CEB,P_56AFDD4D513C,153,40,120,2026-05-11,False
SL_D12C92959357,S_DC92A4557FA3,P_4273A5F474A1,115,23,92,2026-03-11,False
SL_A2119DEC6170,S_BA029ABB7288,P_50679010067C,0,45,225,2026-04-26,True
SL_E97A21D77577,S_13CDF8EEF737,P_7D086A269945,93,44,132,2026-04-08,False
SL_D477FD54D013,S_13CDF8EEF737,P_668DA327E4B9,137,29,87,2026-03-13,False
SL_E8189B421956,S_8906C8E63CEB,P_822A352706E0,141,14,56,2026-04-08,False
SL_CC27257EF212,S_8906C8E63CEB,P_E34307749BB1,82,12,24,2026-03-14,False
SL_2A61FE28D520,S_13CDF8EEF737,P_A5A544A344D0,33,16,32,2026-04-24,False
SL_0E2EDF868234,S_13CDF8EEF737,P_326144CB626C,49,11,22,2026-03-07,False
SL_63AFE6190742,S_8906C8E63CEB,P_668DA327E4B9,125,38,152,2026-05-13,False
SL_40F54D95EEF8,S_BA029ABB7288,P_FB2D12C2A319,155,50,100,2026-05-18,False
SL_0482933DD203,S_CC822411B18D,P_E34307749BB1,125,10,50,2026-02-27,False
SL_36C4760E9515,S_13CDF8EEF737,P_BA4D1BE7FEA0,142,31,124,2026-02-18,False
SL_8CA751921413,S_13CDF8EEF737,P_7D086A269945,68,38,76,2026-05-10,False
SL_7CEF9FE01937,S_BA029ABB7288,P_A7E3F9F5E7C4,55,38,76,2026-05-07,False
SL_7B0CA7413FA2,S_CC822411B18D,P_15D903BF4D90,98,17,51,2026-03-13,False
SL_770FDCA52BC9,S_CC822411B18D,P_663236233C4B,160,16,80,2026-05-06,False
SL_2B331044F8A5,S_DC92A4557FA3,P_6C4353462EC1,172,34,170,2026-05-06,False
SL_89FCD565F032,S_CC822411B18D,P_91A9DC6AFBE0,140,30,120,2026-02-24,False
SL_4C22EB729BFE,S_CC822411B18D,P_15D903BF4D90,153,33,132,2026-04-09,False
SL_3EBEF5FBAD1C,S_DC92A4557FA3,P_BF2D36EF46F9,95,31,155,2026-04-08,False
SL_F491B53B00F6,S_DC92A4557FA3,P_4EF656FC88BA,144,39,117,2026-04-01,False
SL_45A01898CEAB,S_DC92A4557FA3,P_626C262AE98A,65,28,140,2026-03-23,False
SL_03B10164F0BB,S_8906C8E63CEB,P_2C946377FC46,185,7,28,2026-03-04,False
SL_37FBD19E1854,S_13CDF8EEF737,P_A668BA51F0E6,34,24,48,2026-04-11,False
SL_A898B841FF7D,S_CC822411B18D,P_BFF4A828C6CB,80,6,24,2026-03-10,False
SL_E01D81A0277D,S_DC92A4557FA3,P_0A79EED1DABC,146,41,123,2026-05-07,False
SL_831742C93A73,S_13CDF8EEF737,P_50679010067C,91,14,42,2026-04-16,False
SL_9F0E9D33A2F6,S_BA029ABB7288,P_D9AB13729A48,63,19,76,2026-04-11,False
SL_AD2868E02C27,S_13CDF8EEF737,P_663236233C4B,102,41,123,2026-05-10,False
SL_0C1F11958B51,S_BA029ABB7288,P_3DF9DCDDC71B,44,36,72,2026-03-04,False
SL_142A0CA5975F,S_BA029ABB7288,P_A5A544A344D0,187,41,205,2026-05-09,False
SL_6655ABDAC625,S_13CDF8EEF737,P_822A352706E0,85,27,135,2026-03-27,False
SL_3B93E8380F97,S_13CDF8EEF737,P_822A352706E0,58,46,92,2026-02-27,False
SL_DA722D2977CB,S_8906C8E63CEB,P_C00BC37203EB,78,38,76,2026-04-09,False
SL_F07B0FD9E283,S_DC92A4557FA3,P_663236233C4B,38,25,75,2026-04-30,False
SL_A60B276DD659,S_13CDF8EEF737,P_747DDDA081A8,187,30,150,2026-03-04,False
SL_D5C56C4AB778,S_DC92A4557FA3,P_303F95608503,23,19,95,2026-04-12,False
SL_ACFE11A0C79C,S_8906C8E63CEB,P_4273A5F474A1,33,26,52,2026-03-20,False
SL_CBBD41FE0C8B,S_DC92A4557FA3,P_626C262AE98A,12,40,200,2026-04-16,True
SL_B76E05BDF42B,S_13CDF8EEF737,P_50542FD44471,128,32,96,2026-05-02,False
SL_0697061E52D5,S_8906C8E63CEB,P_0A79EED1DABC,50,36,180,2026-02-25,False
SL_7D3E4FF28CE1,S_DC92A4557FA3,P_4260EF234235,143,44,132,2026-04-18,False
SL_B236C4D29125,S_13CDF8EEF737,P_56AFDD4D513C,198,32,128,2026-02-21,False
SL_F0F0D46FED73,S_DC92A4557FA3,P_CC1823CFE87D,28,47,235,2026-03-26,True
SL_06BE70015AC7,S_BA029ABB7288,P_6C4353462EC1,48,25,100,2026-03-04,False
SL_D7E3982B7359,S_13CDF8EEF737,P_822A352706E0,78,15,60,2026-03-02,False
SL_AE1BD1875869,S_8906C8E63CEB,P_7D086A269945,37,33,66,2026-04-20,False
SL_C84A0501E040,S_CC822411B18D,P_747DDDA081A8,95,14,28,2026-05-05,False
SL_FE6C270B049E,S_13CDF8EEF737,P_4EF656FC88BA,158,14,56,2026-05-18,False
SL_00DB8A965D9D,S_BA029ABB7288,P_5756D22C3302,28,24,120,2026-03-20,False
SL_5B2FE0CD473E,S_13CDF8EEF737,P_8EE2C401F6D1,53,39,117,2026-04-23,False
SL_4027D90F63FF,S_DC92A4557FA3,P_A668BA51F0E6,192,21,105,2026-03-01,False
SL_B67EC07EB8CE,S_CC822411B18D,P_5756D22C3302,178,47,94,2026-04-01,False
SL_0EAC27135B0C,S_DC92A4557FA3,P_668DA327E4B9,134,7,28,2026-04-28,False
SL_F9F29D1D9790,S_13CDF8EEF737,P_3B15720CBFC3,51,49,196,2026-05-13,False
SL_EF93A0B3E022,S_8906C8E63CEB,P_E34307749BB1,2,9,45,2026-02-24,True
SL_682D8D501D59,S_BA029ABB7288,P_668DA327E4B9,168,28,56,2026-05-17,False
SL_48149AF1E96C,S_BA029ABB7288,P_E34307749BB1,98,19,95,2026-03-15,False
SL_E0FFB588A1B3,S_13CDF8EEF737,P_BF2D36EF46F9,124,43,86,2026-04-26,False
SL_923DFE99437D,S_CC822411B18D,P_303F95608503,117,40,80,2026-05-14,False
SL_1E3D89EA8DDB,S_CC822411B18D,P_A668BA51F0E6,78,26,130,2026-03-30,False
SL_457F1B6976D6,S_CC822411B18D,P_C961D1EB95F7,88,48,192,2026-04-04,False
SL_F9B4FFEDE15D,S_BA029ABB7288,P_4EF656FC88BA,128,22,44,2026-02-28,False
SL_6C8A8DFA5BFA,S_BA029ABB7288,P_B4DFAA442293,7,40,160,2026-04-21,True
SL_CCB839A37934,S_CC822411B18D,P_8EE2C401F6D1,100,47,141,2026-05-08,False
SL_87E2A316AC4D,S_8906C8E63CEB,P_A668BA51F0E6,173,44,132,2026-03-27,False
SL_6A033C944FE1,S_CC822411B18D,P_663236233C4B,39,32,128,2026-03-03,False
SL_F05633EED825,S_BA029ABB7288,P_9DABD2D4C20D,138,13,39,2026-02-25,False
SL_598ADF513498,S_CC822411B18D,P_D9AB13729A48,138,48,144,2026-05-02,False
SL_F152DF9CB71D,S_BA029ABB7288,P_5756D22C3302,180,38,114,2026-03-25,False
